price,bedrooms,bathrooms,sqft_living,sqft_lot,floors,view,condition,sqft_basement,age_house,building_renewal,statezip
490000.0,2.0,1.0,880.0,6380.0,1.0,0.0,3.0,0.0,76,20,WA 98115
640000.0,4.0,2.0,1520.0,6200.0,1.5,0.0,3.0,0.0,69,4,WA 98115
1400000.0,4.0,2.5,2920.0,4000.0,1.5,0.0,5.0,1010.0,105,26,WA 98105
365000.0,3.0,1.0,1090.0,6435.0,1.0,0.0,4.0,0.0,59,5,WA 98106
1200000.0,5.0,2.75,2910.0,9480.0,1.5,0.0,3.0,0.0,75,45,WA 98105
750000.0,3.0,1.75,2240.0,10578.0,2.0,0.0,5.0,690.0,91,91,WA 98115
626000.0,3.0,2.25,1750.0,1572.0,2.5,0.0,3.0,280.0,9,9,WA 98102
495000.0,4.0,1.75,1600.0,6380.0,1.0,0.0,3.0,470.0,55,25,WA 98125
615000.0,3.0,1.75,2360.0,7291.0,1.0,0.0,4.0,1000.0,66,66,WA 98136
790000.0,3.0,2.5,2600.0,4750.0,1.0,0.0,4.0,900.0,63,15,WA 98117
650000.0,4.0,2.0,1820.0,5000.0,1.5,1.0,3.0,180.0,69,4,WA 98115
440000.0,2.0,1.0,800.0,4850.0,1.0,0.0,4.0,0.0,70,70,WA 98107
750000.0,3.0,2.5,2390.0,6550.0,1.0,2.0,4.0,950.0,59,5,WA 98116
439950.0,3.0,2.5,1770.0,2875.0,2.0,0.0,3.0,0.0,24,5,WA 98116
235000.0,2.0,1.0,1210.0,9400.0,1.0,0.0,2.0,0.0,65,65,WA 98106
445700.0,3.0,2.5,1270.0,1180.0,3.0,0.0,3.0,0.0,13,13,WA 98107
805000.0,3.0,2.0,2710.0,4500.0,1.5,0.0,4.0,830.0,85,85,WA 98115
385000.0,3.0,3.25,1320.0,1327.0,2.0,0.0,3.0,280.0,6,6,WA 98199
295000.0,2.0,2.5,1630.0,1368.0,2.0,0.0,3.0,350.0,5,5,WA 98106
553000.0,2.0,1.0,900.0,5000.0,1.0,0.0,3.0,0.0,70,70,WA 98117
783500.0,3.0,2.5,2850.0,7130.0,2.0,0.0,3.0,860.0,34,34,WA 98122
628000.0,4.0,2.0,2280.0,6010.0,1.0,0.0,3.0,1140.0,114,9,WA 98122
531000.0,2.0,3.0,1270.0,1175.0,2.0,0.0,3.0,160.0,14,14,WA 98103
831000.0,4.0,3.0,2170.0,4000.0,2.0,0.0,4.0,560.0,32,3,WA 98112
580000.0,2.0,1.0,2540.0,7000.0,1.0,0.0,5.0,1220.0,72,72,WA 98118
549000.0,2.0,1.0,1140.0,5400.0,1.0,0.0,5.0,0.0,106,106,WA 98112
405000.0,2.0,3.0,1410.0,1240.0,2.0,0.0,3.0,270.0,8,8,WA 98136
650000.0,3.0,1.5,2160.0,9000.0,1.0,2.0,4.0,760.0,65,29,WA 98177
823000.0,6.0,1.75,2920.0,5000.0,2.5,0.0,4.0,140.0,106,106,WA 98122
770000.0,3.0,2.0,2350.0,5700.0,1.5,0.0,4.0,540.0,75,25,WA 98112
524000.0,3.0,1.75,1560.0,5520.0,1.0,0.0,4.0,780.0,70,70,WA 98199
670000.0,3.0,2.5,1680.0,2000.0,3.0,0.0,3.0,0.0,105,16,WA 98105
406100.0,3.0,2.25,1410.0,1332.0,3.0,0.0,3.0,0.0,9,9,WA 98103
1395000.0,5.0,3.5,4010.0,8510.0,2.0,1.0,5.0,1160.0,43,43,WA 98105
435000.0,5.0,2.0,1840.0,9240.0,1.0,0.0,4.0,300.0,72,56,WA 98133
400000.0,2.0,1.0,840.0,5510.0,1.0,0.0,3.0,0.0,59,9,WA 98136
657100.0,4.0,1.0,1390.0,4240.0,1.0,0.0,3.0,340.0,90,3,WA 98103
740000.0,4.0,1.75,2010.0,3600.0,1.5,0.0,3.0,0.0,112,112,WA 98119
398750.0,3.0,2.5,2230.0,4000.0,2.0,0.0,3.0,0.0,60,9,WA 98144
287000.0,3.0,1.0,1450.0,6000.0,1.0,0.0,4.0,0.0,61,31,WA 98118
600000.0,3.0,1.75,1880.0,6360.0,1.0,0.0,4.0,840.0,69,69,WA 98115
418000.0,3.0,2.0,1410.0,6030.0,1.5,0.0,4.0,0.0,84,84,WA 98103
449250.0,4.0,2.0,1480.0,3844.0,1.5,0.0,5.0,0.0,86,44,WA 98133
329950.0,2.0,1.0,1140.0,5250.0,1.5,0.0,4.0,0.0,65,29,WA 98133
1425000.0,2.0,2.5,2220.0,4000.0,2.0,0.0,3.0,0.0,14,14,WA 98112
585000.0,2.0,1.0,1770.0,8640.0,1.5,0.0,3.0,250.0,65,16,WA 98117
618500.0,3.0,2.0,1800.0,5000.0,1.0,0.0,4.0,720.0,72,32,WA 98115
631625.0,4.0,2.5,2440.0,6651.0,2.0,0.0,3.0,0.0,0,0,WA 98117
340000.0,2.0,1.5,1160.0,1438.0,2.0,0.0,3.0,0.0,13,13,WA 98144
366750.0,3.0,3.0,1571.0,2017.0,3.0,0.0,3.0,0.0,6,6,WA 98125
416286.0,3.0,2.5,1408.0,989.0,3.0,0.0,3.0,0.0,9,9,WA 98115
450000.0,2.0,2.0,1100.0,3000.0,1.5,0.0,3.0,0.0,102,9,WA 98117
353000.0,3.0,1.0,1350.0,7740.0,1.0,0.0,4.0,490.0,67,26,WA 98125
561000.0,3.0,2.0,2000.0,7000.0,2.0,0.0,3.0,0.0,98,28,WA 98136
469000.0,2.0,1.0,1030.0,4400.0,1.0,0.0,3.0,0.0,90,3,WA 98117
329350.0,2.0,1.0,720.0,6687.0,1.0,0.0,3.0,0.0,72,15,WA 98117
488000.0,5.0,2.0,2020.0,5000.0,1.5,0.0,4.0,0.0,76,76,WA 98117
312000.0,4.0,2.0,1300.0,7054.0,1.0,0.0,3.0,0.0,64,1,WA 98146
650000.0,3.0,1.5,1630.0,7475.0,1.0,1.0,3.0,470.0,74,18,WA 98115
325000.0,4.0,2.5,1890.0,6156.0,1.0,0.0,3.0,910.0,34,34,WA 98106
219000.0,2.0,1.0,900.0,5160.0,1.0,0.0,3.0,0.0,62,6,WA 98106
460000.0,2.0,2.25,1230.0,929.0,2.0,0.0,3.0,210.0,10,11,WA 98112
612500.0,4.0,2.0,2060.0,5000.0,1.0,0.0,3.0,1030.0,65,1,WA 98117
313950.0,3.0,1.0,1510.0,6083.0,1.0,0.0,4.0,650.0,74,13,WA 98115
575000.0,3.0,1.75,2130.0,6500.0,1.0,2.0,3.0,960.0,60,9,WA 98199
1225000.0,4.0,2.25,3490.0,6906.0,2.0,0.0,4.0,1210.0,86,86,WA 98199
365000.0,3.0,1.5,1310.0,8160.0,1.0,0.0,3.0,0.0,64,9,WA 98133
1580000.0,4.0,3.25,3760.0,10920.0,1.5,0.0,5.0,1360.0,64,64,WA 98105
484000.0,2.0,1.75,1660.0,6000.0,1.0,0.0,3.0,500.0,72,15,WA 98105
345000.0,3.0,1.0,1110.0,6250.0,1.0,0.0,3.0,0.0,58,13,WA 98115
533000.0,5.0,2.75,1800.0,3780.0,1.5,0.0,3.0,400.0,88,11,WA 98103
385000.0,3.0,1.75,1900.0,5520.0,1.0,0.0,3.0,620.0,32,32,WA 98118
485000.0,3.0,2.0,1420.0,4080.0,1.5,0.0,3.0,0.0,109,1,WA 98103
499000.0,2.0,1.75,1170.0,2400.0,1.0,0.0,4.0,430.0,111,111,WA 98103
1050000.0,3.0,2.5,2200.0,1970.0,2.0,0.0,3.0,590.0,6,6,WA 98102
500000.0,3.0,2.5,1480.0,1171.0,3.0,0.0,3.0,0.0,8,8,WA 98112
390000.0,5.0,3.75,2890.0,5000.0,1.0,0.0,3.0,1580.0,8,8,WA 98144
979000.0,3.0,2.5,2690.0,4047.0,3.0,0.0,3.0,0.0,0,0,WA 98117
369950.0,3.0,2.0,1270.0,1320.0,3.0,0.0,3.0,0.0,8,8,WA 98103
519950.0,3.0,2.25,1170.0,1249.0,3.0,0.0,3.0,0.0,0,0,WA 98107
495000.0,3.0,1.0,990.0,6000.0,1.0,0.0,3.0,0.0,71,12,WA 98105
750000.0,3.0,2.75,2520.0,5401.0,1.0,0.0,4.0,1160.0,68,25,WA 98119
526000.0,2.0,2.0,1550.0,2400.0,1.5,0.0,4.0,0.0,114,43,WA 98103
420000.0,2.0,1.5,1040.0,3500.0,1.5,0.0,4.0,0.0,110,110,WA 98144
749950.0,4.0,2.75,2600.0,6050.0,2.0,0.0,5.0,640.0,65,65,WA 98116
568000.0,3.0,2.0,2350.0,5080.0,1.5,0.0,3.0,570.0,85,85,WA 98118
500000.0,2.0,1.0,1010.0,3885.0,1.5,0.0,4.0,0.0,108,24,WA 98112
475000.0,2.0,1.0,820.0,2723.0,1.0,0.0,3.0,0.0,93,14,WA 98103
352000.0,5.0,2.5,2420.0,8560.0,1.0,2.0,3.0,800.0,36,36,WA 98118
599000.0,3.0,1.75,1960.0,4788.0,1.0,0.0,4.0,870.0,94,94,WA 98115
575000.0,4.0,2.0,1650.0,5000.0,1.0,0.0,3.0,0.0,59,9,WA 98117
705000.0,4.0,2.5,2650.0,4316.0,1.5,0.0,3.0,1130.0,109,1,WA 98116
940000.0,4.0,2.25,1890.0,5940.0,1.0,1.0,3.0,420.0,51,6,WA 98112
485000.0,3.0,2.0,1610.0,4160.0,1.0,0.0,4.0,600.0,97,97,WA 98136
300000.0,2.0,1.0,760.0,3001.0,1.0,0.0,3.0,0.0,101,31,WA 98144
1340000.0,3.0,3.0,2960.0,5500.0,2.0,2.0,3.0,520.0,77,24,WA 98199
361280.0,2.0,1.0,820.0,6400.0,1.0,0.0,4.0,0.0,70,70,WA 98126
440000.0,3.0,1.75,1500.0,6180.0,1.0,0.0,4.0,440.0,67,26,WA 98118
530000.0,3.0,1.0,1340.0,4284.0,1.0,0.0,3.0,260.0,104,8,WA 98105
380000.0,5.0,1.75,3000.0,6000.0,1.0,0.0,5.0,1500.0,56,56,WA 98178
690000.0,3.0,2.0,1760.0,6428.0,1.0,0.0,4.0,780.0,72,32,WA 98199
794154.0,4.0,2.0,2210.0,8556.0,1.0,1.0,4.0,1000.0,60,35,WA 98199
245000.0,3.0,1.5,1260.0,1270.0,2.0,0.0,3.0,220.0,9,9,WA 98133
425000.0,2.0,2.5,1150.0,1027.0,3.0,0.0,3.0,0.0,6,6,WA 98103
365000.0,5.0,2.75,2410.0,5003.0,1.0,0.0,3.0,1000.0,6,6,WA 98118
417250.0,3.0,2.25,1606.0,1452.0,3.0,0.0,3.0,0.0,5,5,WA 98125
339950.0,2.0,1.0,820.0,681.0,3.0,0.0,3.0,0.0,8,8,WA 98103
615000.0,2.0,1.0,1540.0,6872.0,1.0,0.0,4.0,720.0,68,25,WA 98119
533000.0,3.0,1.0,1670.0,4080.0,1.0,0.0,3.0,500.0,47,3,WA 98115
712000.0,3.0,1.0,1250.0,4620.0,1.5,0.0,4.0,100.0,114,43,WA 98103
205000.0,2.0,1.0,720.0,5040.0,1.0,0.0,3.0,0.0,59,9,WA 98106
553650.0,2.0,2.5,1360.0,1349.0,2.0,0.0,3.0,310.0,17,17,WA 98112
719000.0,3.0,2.5,1690.0,4500.0,1.5,1.0,4.0,0.0,86,86,WA 98116
1039000.0,4.0,1.0,3410.0,5000.0,2.0,0.0,5.0,1220.0,104,104,WA 98144
515000.0,2.0,1.0,1060.0,4960.0,1.0,0.0,3.0,0.0,88,11,WA 98103
207000.0,3.0,1.0,1490.0,8995.0,1.0,0.0,4.0,0.0,60,35,WA 98168
385000.0,3.0,1.75,1890.0,9920.0,1.0,0.0,3.0,660.0,70,70,WA 98125
235000.0,2.0,1.0,1270.0,3008.0,1.0,0.0,4.0,620.0,91,91,WA 98118
358000.0,2.0,1.5,960.0,1808.0,2.0,0.0,3.0,0.0,21,21,WA 98122
228000.0,4.0,1.75,2000.0,6120.0,1.0,0.0,3.0,900.0,49,21,WA 98178
405000.0,2.0,1.0,1020.0,8155.0,1.0,0.0,4.0,0.0,66,66,WA 98177
636000.0,2.0,1.75,1230.0,3600.0,1.5,0.0,5.0,0.0,89,89,WA 98119
530000.0,4.0,2.75,2280.0,2850.0,1.5,0.0,4.0,740.0,84,84,WA 98115
230000.0,3.0,1.75,950.0,6000.0,1.0,0.0,3.0,160.0,75,45,WA 98108
1307000.0,5.0,3.25,2800.0,3200.0,1.5,0.0,5.0,890.0,82,12,WA 98109
660000.0,3.0,1.75,1320.0,5750.0,1.5,0.0,5.0,0.0,96,96,WA 98116
413450.0,3.0,2.5,1540.0,1614.0,3.0,0.0,3.0,70.0,6,6,WA 98103
930000.0,3.0,3.25,2640.0,4080.0,2.0,0.0,3.0,800.0,102,14,WA 98105
835000.0,4.0,2.0,1910.0,6960.0,1.5,0.0,5.0,0.0,73,73,WA 98103
500000.0,3.0,1.75,1410.0,1197.0,3.0,0.0,3.0,0.0,2,102,WA 98103
499000.0,2.0,1.5,1110.0,957.0,2.0,0.0,3.0,180.0,9,9,WA 98119
321950.0,2.0,1.25,860.0,1277.0,2.0,0.0,3.0,0.0,7,7,WA 98144
441750.0,2.0,1.5,1020.0,1060.0,3.0,0.0,3.0,0.0,6,6,WA 98103
438000.0,2.0,1.0,980.0,1179.0,2.0,0.0,3.0,0.0,4,4,WA 98119
460000.0,4.0,1.75,1750.0,5500.0,1.5,0.0,5.0,700.0,88,88,WA 98117
445000.0,4.0,2.0,1650.0,6000.0,1.0,0.0,5.0,650.0,55,55,WA 98144
490000.0,2.0,1.0,1840.0,3300.0,1.5,0.0,4.0,710.0,104,104,WA 98107
270000.0,3.0,1.5,1500.0,6337.0,1.0,0.0,5.0,0.0,61,61,WA 98125
382000.0,3.0,3.25,1410.0,1253.0,3.0,0.0,3.0,0.0,9,9,WA 98103
536500.0,4.0,1.75,2000.0,4000.0,1.5,0.0,5.0,550.0,88,88,WA 98126
463000.0,2.0,1.0,1150.0,4400.0,1.0,0.0,4.0,0.0,109,109,WA 98112
742500.0,4.0,2.75,3100.0,3773.0,2.0,0.0,3.0,1100.0,95,18,WA 98122
325000.0,3.0,2.25,1352.0,1694.0,3.0,0.0,3.0,0.0,7,7,WA 98125
481450.0,3.0,2.0,1410.0,4800.0,1.0,0.0,3.0,0.0,74,18,WA 98117
252500.0,3.0,1.0,1030.0,6127.0,1.0,0.0,3.0,150.0,67,2,WA 98125
536000.0,3.0,1.75,1300.0,5413.0,1.5,0.0,3.0,0.0,89,22,WA 98115
445000.0,2.0,2.0,1150.0,6634.0,1.0,0.0,3.0,290.0,74,18,WA 98115
769900.0,4.0,3.5,2730.0,3047.0,2.0,0.0,3.0,330.0,8,8,WA 98116
212000.0,2.0,1.5,1020.0,1525.0,2.0,0.0,3.0,0.0,10,11,WA 98133
376000.0,3.0,2.0,1340.0,1384.0,3.0,0.0,3.0,0.0,6,6,WA 98103
324000.0,3.0,2.25,998.0,904.0,2.0,0.0,3.0,200.0,7,7,WA 98117
549900.0,5.0,2.75,3060.0,7015.0,1.0,0.0,5.0,1460.0,35,35,WA 98146
875000.0,4.0,2.0,2520.0,6000.0,1.0,0.0,3.0,1120.0,93,7,WA 98103
394950.0,3.0,2.5,1350.0,1250.0,3.0,0.0,3.0,80.0,8,8,WA 98136
842500.0,4.0,2.5,2160.0,5298.0,2.5,0.0,4.0,0.0,112,112,WA 98122
368000.0,3.0,2.5,1370.0,1350.0,2.0,0.0,3.0,360.0,7,7,WA 98136
885000.0,4.0,2.5,2830.0,5000.0,2.0,0.0,3.0,0.0,19,19,WA 98105
490000.0,2.0,2.5,1230.0,1391.0,2.0,0.0,3.0,360.0,10,11,WA 98112
235000.0,1.0,1.0,810.0,2451.0,1.0,0.0,5.0,0.0,73,73,WA 98126
255000.0,2.0,1.0,1220.0,2500.0,1.0,0.0,3.0,450.0,104,8,WA 98126
350000.0,2.0,1.0,910.0,4500.0,1.5,0.0,4.0,0.0,108,24,WA 98118
582000.0,4.0,1.75,2120.0,4650.0,1.0,1.0,3.0,930.0,63,20,WA 98117
1315000.0,4.0,3.5,3460.0,3997.0,2.0,0.0,3.0,900.0,10,11,WA 98103
372500.0,5.0,3.0,2480.0,10090.0,1.0,0.0,3.0,1180.0,10,11,WA 98178
360000.0,4.0,2.0,1730.0,5500.0,1.0,0.0,5.0,720.0,71,71,WA 98106
210000.0,3.0,2.5,1040.0,2643.0,2.0,0.0,3.0,320.0,10,11,WA 98118
770000.0,3.0,1.75,1720.0,5000.0,1.0,0.0,3.0,0.0,60,0,WA 98122
499950.0,3.0,1.0,980.0,6380.0,1.0,0.0,3.0,220.0,73,20,WA 98115
500000.0,2.0,2.25,1290.0,1334.0,3.0,0.0,3.0,0.0,7,7,WA 98107
870300.0,4.0,2.5,2350.0,3150.0,1.5,0.0,4.0,660.0,104,104,WA 98103
315275.0,3.0,1.75,1440.0,8040.0,1.0,0.0,3.0,480.0,63,20,WA 98125
505000.0,4.0,1.75,1940.0,4800.0,1.0,0.0,5.0,910.0,92,58,WA 98122
610000.0,4.0,3.0,2110.0,5000.0,1.5,2.0,4.0,470.0,84,84,WA 98136
910000.0,3.0,2.0,2700.0,6120.0,1.0,0.0,4.0,1350.0,52,52,WA 98115
840000.0,4.0,2.75,2600.0,2750.0,1.5,0.0,3.0,980.0,78,78,WA 98109
300000.0,2.0,1.75,1360.0,8100.0,1.0,0.0,3.0,500.0,39,39,WA 98177
675000.0,4.0,3.0,2400.0,3340.0,1.0,0.0,4.0,1200.0,50,50,WA 98107
734200.0,4.0,2.5,2760.0,5000.0,1.5,0.0,5.0,1080.0,86,44,WA 98107
630000.0,4.0,2.0,1770.0,6000.0,2.0,0.0,5.0,0.0,103,33,WA 98199
301500.0,2.0,1.5,830.0,1333.0,2.0,0.0,3.0,0.0,9,9,WA 98136
369000.0,2.0,2.5,980.0,895.0,2.0,0.0,3.0,310.0,5,5,WA 98116
635000.0,3.0,2.5,1570.0,1433.0,3.0,0.0,3.0,0.0,4,4,WA 98103
625000.0,3.0,3.5,1810.0,1846.0,2.0,0.0,4.0,370.0,5,5,WA 98122
525000.0,5.0,3.0,2450.0,4591.0,2.0,0.0,3.0,0.0,20,20,WA 98117
628000.0,4.0,2.0,2260.0,6000.0,1.0,0.0,3.0,830.0,56,10,WA 98115
245000.0,5.0,1.75,2020.0,7902.0,1.0,0.0,3.0,800.0,52,11,WA 98168
415000.0,3.0,1.75,1960.0,5000.0,1.0,0.0,5.0,980.0,103,30,WA 98108
799200.0,6.0,3.0,2890.0,2370.0,2.5,0.0,3.0,600.0,108,0,WA 98102
591000.0,3.0,1.75,1680.0,2400.0,1.0,0.0,5.0,810.0,92,58,WA 98122
575000.0,3.0,1.75,1580.0,11750.0,1.0,0.0,4.0,400.0,63,15,WA 98118
771000.0,3.0,2.25,1780.0,6120.0,1.5,0.0,4.0,390.0,87,87,WA 98122
155000.0,2.0,1.0,910.0,6232.0,1.0,0.0,3.0,0.0,71,12,WA 98118
717000.0,3.0,1.5,1310.0,3880.0,1.0,0.0,3.0,220.0,58,13,WA 98117
225000.0,3.0,1.0,1040.0,6535.0,1.0,0.0,3.0,0.0,67,2,WA 98168
230000.0,2.0,0.75,650.0,5360.0,1.0,0.0,4.0,0.0,83,83,WA 98133
385000.0,3.0,2.0,1480.0,6600.0,1.0,2.0,3.0,740.0,71,12,WA 98146
665000.0,3.0,2.0,1940.0,5820.0,1.5,0.0,5.0,790.0,70,70,WA 98107
620000.0,3.0,1.0,1710.0,4050.0,1.5,0.0,3.0,0.0,105,10,WA 98103
1105000.0,4.0,1.5,2740.0,4000.0,2.0,0.0,5.0,810.0,109,109,WA 98109
450000.0,3.0,2.75,1250.0,892.0,2.0,0.0,3.0,210.0,4,4,WA 98116
560000.0,3.0,1.0,1440.0,5000.0,2.0,0.0,3.0,0.0,104,8,WA 98103
413000.0,4.0,1.0,1410.0,6000.0,1.0,0.0,3.0,600.0,89,12,WA 98126
570000.0,3.0,2.0,1530.0,5401.0,1.0,0.0,4.0,0.0,77,77,WA 98115
465000.0,3.0,1.5,1270.0,5112.0,1.0,0.0,3.0,0.0,64,9,WA 98115
525000.0,3.0,2.5,1580.0,1161.0,2.0,0.0,3.0,570.0,6,6,WA 98112
870000.0,4.0,2.5,3520.0,6773.0,2.5,0.0,3.0,870.0,8,8,WA 98136
650000.0,4.0,2.5,2210.0,4861.0,2.0,0.0,3.0,0.0,1,91,WA 98117
330000.0,3.0,2.5,1450.0,5008.0,1.0,0.0,3.0,610.0,7,7,WA 98106
385000.0,4.0,1.75,1620.0,4980.0,1.0,0.0,4.0,760.0,67,26,WA 98133
306000.0,3.0,1.5,1220.0,1086.0,3.0,0.0,3.0,0.0,7,7,WA 98133
546000.0,3.0,1.75,2000.0,5000.0,1.0,0.0,4.0,890.0,93,93,WA 98117
800000.0,3.0,1.0,1700.0,4400.0,1.5,0.0,4.0,0.0,108,24,WA 98122
620000.0,5.0,2.5,2540.0,3832.0,2.0,0.0,5.0,780.0,85,85,WA 98117
372220.0,3.0,1.0,1290.0,5500.0,1.0,0.0,3.0,310.0,63,20,WA 98136
337500.0,5.0,2.0,1700.0,7314.0,1.0,0.0,3.0,700.0,58,13,WA 98108
582500.0,2.0,1.5,1159.0,4800.0,1.0,0.0,3.0,0.0,66,20,WA 98199
405100.0,2.0,1.0,840.0,3522.0,1.0,0.0,3.0,0.0,67,2,WA 98199
538000.0,3.0,1.75,1400.0,3825.0,1.5,0.0,4.0,300.0,110,110,WA 98117
1400000.0,3.0,2.5,2550.0,7200.0,2.0,2.0,3.0,0.0,33,1,WA 98144
702500.0,3.0,1.5,2360.0,6750.0,2.0,0.0,5.0,430.0,88,88,WA 98103
682000.0,3.0,1.75,1830.0,5120.0,1.5,2.0,5.0,0.0,111,111,WA 98122
525000.0,3.0,1.75,1600.0,6120.0,1.5,0.0,3.0,0.0,90,3,WA 98115
394475.0,2.0,1.0,830.0,4000.0,1.0,0.0,3.0,0.0,59,9,WA 98117
339950.0,3.0,1.0,1050.0,5402.0,1.5,0.0,4.0,0.0,108,24,WA 98144
715000.0,4.0,2.25,2060.0,5649.0,1.0,0.0,5.0,700.0,73,73,WA 98199
458000.0,3.0,1.0,1660.0,7500.0,1.0,0.0,4.0,600.0,74,13,WA 98125
607500.0,5.0,1.75,2220.0,6000.0,1.5,0.0,3.0,800.0,91,16,WA 98199
400000.0,2.0,1.0,980.0,2130.0,1.0,0.0,4.0,120.0,96,40,WA 98117
300000.0,3.0,1.0,1260.0,8280.0,1.0,0.0,3.0,0.0,68,68,WA 98115
185000.0,3.0,1.0,1150.0,8100.0,1.0,0.0,3.0,0.0,82,82,WA 98168
451555.0,2.0,1.0,1320.0,4520.0,1.0,1.0,3.0,0.0,102,43,WA 98116
349950.0,3.0,1.0,1400.0,7066.0,1.0,0.0,3.0,0.0,57,14,WA 98125
613000.0,4.0,2.0,1550.0,4815.0,1.5,0.0,3.0,0.0,105,10,WA 98103
197500.0,3.0,1.0,980.0,3090.0,1.5,0.0,3.0,0.0,111,9,WA 98118
1255000.0,4.0,2.5,3200.0,7535.0,2.0,0.0,3.0,0.0,8,8,WA 98105
575000.0,2.0,1.0,1490.0,6000.0,1.0,0.0,3.0,400.0,68,68,WA 98112
585000.0,5.0,1.75,2000.0,3750.0,2.0,0.0,4.0,0.0,93,93,WA 98103
790000.0,3.0,1.75,1790.0,6117.0,1.0,2.0,3.0,440.0,74,18,WA 98199
744000.0,4.0,3.0,1980.0,5352.0,2.5,0.0,3.0,0.0,73,9,WA 98136
312500.0,2.0,1.0,880.0,6345.0,1.0,0.0,3.0,0.0,95,13,WA 98106
495000.0,4.0,2.0,2050.0,4000.0,1.5,0.0,5.0,840.0,73,73,WA 98144
640000.0,4.0,2.0,2560.0,7798.0,1.0,0.0,4.0,670.0,67,26,WA 98115
295000.0,3.0,1.5,850.0,2500.0,1.0,0.0,3.0,0.0,28,28,WA 98106
343000.0,4.0,1.75,2290.0,10290.0,1.0,0.0,3.0,950.0,54,2,WA 98146
467000.0,3.0,1.0,1660.0,6582.0,1.0,0.0,5.0,660.0,68,68,WA 98133
512500.0,3.0,2.5,1840.0,2875.0,2.0,0.0,4.0,0.0,17,17,WA 98116
465000.0,3.0,1.75,1410.0,6886.0,1.0,0.0,3.0,0.0,90,1,WA 98133
340000.0,3.0,1.75,1960.0,8136.0,1.0,0.0,3.0,980.0,66,20,WA 98106
497000.0,4.0,2.5,2240.0,7200.0,2.0,0.0,3.0,0.0,19,19,WA 98118
344000.0,3.0,2.5,1232.0,1130.0,3.0,0.0,3.0,0.0,7,7,WA 98125
312000.0,3.0,2.25,1490.0,974.0,2.0,0.0,3.0,270.0,5,5,WA 98106
350000.0,1.0,1.0,700.0,5100.0,1.0,0.0,3.0,0.0,72,15,WA 98115
408200.0,3.0,2.5,1800.0,5761.0,2.0,0.0,4.0,0.0,24,24,WA 98106
451000.0,3.0,1.75,1560.0,4049.0,1.5,2.0,3.0,560.0,88,11,WA 98126
799000.0,4.0,3.25,3120.0,5000.0,2.0,0.0,3.0,750.0,9,9,WA 98115
490000.0,3.0,2.0,1450.0,2400.0,1.5,0.0,3.0,0.0,114,11,WA 98107
342000.0,3.0,1.0,1260.0,6826.0,1.0,0.0,3.0,540.0,70,70,WA 98125
724800.0,3.0,2.0,2050.0,3933.0,1.0,0.0,3.0,870.0,88,13,WA 98112
605000.0,2.0,1.0,910.0,3600.0,1.0,0.0,4.0,0.0,105,25,WA 98119
785000.0,3.0,2.0,2180.0,5440.0,1.0,0.0,5.0,1080.0,110,110,WA 98103
565000.0,3.0,2.25,1520.0,1221.0,3.0,0.0,3.0,0.0,1,91,WA 98107
875000.0,3.0,2.0,2220.0,6641.0,1.0,2.0,4.0,1000.0,67,26,WA 98199
620000.0,3.0,2.25,1720.0,4000.0,1.5,0.0,4.0,270.0,93,93,WA 98105
245000.0,2.0,1.0,870.0,6150.0,1.0,0.0,3.0,0.0,73,20,WA 98106
238000.0,3.0,2.0,1020.0,1204.0,2.0,0.0,3.0,300.0,10,11,WA 98126
523000.0,3.0,1.5,1260.0,3135.0,1.5,0.0,3.0,0.0,83,83,WA 98116
375000.0,3.0,1.5,1100.0,1751.0,2.0,0.0,3.0,160.0,7,7,WA 98144
540000.0,1.0,1.0,1140.0,6700.0,1.5,0.0,3.0,0.0,94,35,WA 98103
605000.0,3.0,2.25,1290.0,2500.0,2.0,0.0,4.0,0.0,27,27,WA 98112
490000.0,2.0,1.0,1160.0,5000.0,1.0,0.0,4.0,0.0,77,77,WA 98117
341000.0,3.0,2.5,1480.0,1663.0,2.0,0.0,3.0,300.0,2,102,WA 98126
500000.0,2.0,2.5,1310.0,1500.0,2.0,0.0,3.0,150.0,8,8,WA 98122
410000.0,3.0,2.0,1700.0,4250.0,1.0,0.0,3.0,810.0,70,70,WA 98199
488000.0,2.0,2.0,1360.0,4688.0,1.0,0.0,3.0,580.0,70,70,WA 98115
592500.0,2.0,2.0,1420.0,9191.0,1.5,2.0,5.0,0.0,86,44,WA 98115
475000.0,2.0,1.0,1490.0,3825.0,1.0,0.0,3.0,630.0,85,85,WA 98117
487250.0,4.0,2.0,1690.0,3250.0,1.5,0.0,3.0,140.0,113,113,WA 98103
440000.0,2.0,1.5,1010.0,1968.0,1.5,0.0,5.0,0.0,108,108,WA 98107
462000.0,3.0,1.5,1710.0,4500.0,1.5,0.0,3.0,300.0,86,60,WA 98118
560000.0,4.0,1.0,1660.0,4690.0,1.5,0.0,3.0,400.0,69,4,WA 98117
285000.0,4.0,1.75,2080.0,13629.0,1.0,0.0,4.0,1040.0,59,5,WA 98178
690000.0,3.0,2.0,1610.0,5100.0,1.5,0.0,5.0,0.0,74,74,WA 98115
411000.0,4.0,2.75,2500.0,5257.0,2.0,0.0,3.0,0.0,48,51,WA 98118
762000.0,5.0,2.0,3370.0,5000.0,1.5,0.0,4.0,1230.0,107,107,WA 98109
413500.0,2.0,1.0,770.0,4000.0,1.0,0.0,5.0,0.0,90,58,WA 98117
524950.0,3.0,1.75,1890.0,3825.0,1.0,0.0,3.0,600.0,40,40,WA 98117
461000.0,2.0,1.0,1060.0,7193.0,1.0,0.0,3.0,0.0,88,11,WA 98133
885000.0,4.0,2.75,2730.0,3560.0,1.5,0.0,3.0,1180.0,93,7,WA 98115
333000.0,4.0,2.0,1580.0,7800.0,2.0,0.0,2.0,0.0,108,108,WA 98144
485000.0,3.0,1.0,1500.0,4100.0,1.5,0.0,3.0,130.0,88,11,WA 98107
482500.0,3.0,2.25,1450.0,1445.0,2.0,0.0,3.0,470.0,9,9,WA 98122
485000.0,2.0,2.25,1260.0,1240.0,3.0,0.0,3.0,0.0,10,11,WA 98103
850000.0,4.0,3.5,2640.0,5900.0,2.0,2.0,3.0,0.0,77,16,WA 98136
700000.0,3.0,1.75,2010.0,4905.0,1.0,0.0,5.0,780.0,102,102,WA 98122
368000.0,2.0,1.5,1660.0,4680.0,1.0,0.0,5.0,830.0,106,106,WA 98146
433500.0,3.0,2.5,2200.0,3360.0,2.0,0.0,3.0,0.0,5,5,WA 98118
367000.0,2.0,1.0,700.0,2334.0,1.0,0.0,3.0,0.0,69,4,WA 98117
477000.0,3.0,2.5,1350.0,2053.0,3.0,0.0,3.0,0.0,9,9,WA 98117
518000.0,3.0,2.5,1680.0,2096.0,2.0,0.0,3.0,300.0,6,6,WA 98117
1190000.0,4.0,3.0,2240.0,6000.0,1.5,0.0,4.0,970.0,100,69,WA 98109
137000.0,3.0,1.0,950.0,7620.0,1.0,0.0,3.0,0.0,60,9,WA 98106
640000.0,2.0,2.25,1540.0,958.0,3.0,0.0,3.0,0.0,7,7,WA 98122
271310.0,2.0,1.0,870.0,5340.0,1.5,0.0,2.0,0.0,108,108,WA 98144
479000.0,3.0,2.5,1260.0,889.0,3.0,0.0,3.0,0.0,6,6,WA 98109
520000.0,4.0,3.5,2680.0,10000.0,2.0,0.0,3.0,640.0,72,0,WA 98125
599950.0,3.0,2.5,2660.0,4975.0,2.0,0.0,3.0,0.0,0,0,WA 98118
483945.0,2.0,1.75,1480.0,5120.0,1.0,0.0,4.0,640.0,63,15,WA 98116
192500.0,2.0,1.0,950.0,7692.0,1.0,0.0,3.0,0.0,88,11,WA 98168
330000.0,2.0,1.0,860.0,8308.0,1.0,0.0,4.0,0.0,66,66,WA 98146
243000.0,2.0,1.0,1770.0,5522.0,1.5,0.0,4.0,810.0,71,71,WA 98178
575000.0,4.0,1.75,1280.0,6060.0,1.0,0.0,3.0,420.0,88,11,WA 98117
710000.0,2.0,1.0,1790.0,4000.0,1.0,0.0,4.0,750.0,91,91,WA 98112
490000.0,3.0,1.0,1910.0,8190.0,1.0,0.0,4.0,900.0,68,25,WA 98117
467000.0,3.0,2.25,1270.0,1213.0,2.0,0.0,3.0,230.0,9,9,WA 98107
480000.0,4.0,2.75,2050.0,3960.0,1.0,0.0,4.0,870.0,28,28,WA 98116
755000.0,6.0,2.0,2150.0,4505.0,1.0,0.0,3.0,880.0,62,6,WA 98119
387000.0,2.0,2.25,1230.0,1280.0,2.0,0.0,3.0,270.0,2,102,WA 98144
570000.0,2.0,1.75,1540.0,4025.0,1.0,0.0,4.0,350.0,106,106,WA 98116
387500.0,4.0,1.0,1320.0,4440.0,1.5,0.0,3.0,0.0,85,85,WA 98122
396675.0,2.0,1.0,1730.0,6375.0,2.0,0.0,4.0,0.0,69,69,WA 98126
452000.0,4.0,1.0,1210.0,3760.0,1.5,0.0,3.0,0.0,114,9,WA 98103
792000.0,3.0,1.5,1570.0,1050.0,2.0,0.0,3.0,0.0,99,99,WA 98109
440000.0,2.0,1.75,1300.0,4000.0,2.0,0.0,3.0,0.0,66,20,WA 98105
525000.0,3.0,1.5,1540.0,4773.0,2.0,0.0,3.0,0.0,73,5,WA 98126
978000.0,4.0,2.75,2620.0,13777.0,1.5,2.0,4.0,900.0,88,21,WA 98144
1125000.0,6.0,3.0,2880.0,3192.0,2.0,0.0,4.0,700.0,95,29,WA 98103
700000.0,4.0,1.0,1680.0,4021.0,1.5,0.0,3.0,0.0,93,14,WA 98103
309000.0,3.0,1.0,1092.0,7500.0,1.5,0.0,3.0,0.0,96,96,WA 98106
699000.0,4.0,2.5,2650.0,7945.0,2.0,0.0,3.0,0.0,8,8,WA 98125
1100000.0,3.0,2.0,2390.0,6888.0,2.0,1.0,5.0,0.0,75,75,WA 98115
430000.0,3.0,1.75,1200.0,4500.0,1.0,0.0,5.0,0.0,108,108,WA 98108
376000.0,2.0,1.0,1150.0,4000.0,1.0,0.0,3.0,0.0,67,2,WA 98199
475000.0,4.0,1.75,1650.0,7775.0,1.0,0.0,4.0,500.0,64,31,WA 98133
619500.0,3.0,2.5,1700.0,4105.0,2.0,0.0,3.0,0.0,22,22,WA 98122
194000.0,1.0,1.0,820.0,1060.0,1.0,0.0,3.0,60.0,7,7,WA 98126
329000.0,4.0,2.5,1600.0,6765.0,1.0,0.0,3.0,770.0,67,3,WA 98106
494000.0,4.0,1.75,2090.0,4300.0,1.5,0.0,4.0,840.0,89,46,WA 98136
423000.0,4.0,1.75,1940.0,6909.0,1.0,0.0,4.0,970.0,73,16,WA 98133
345600.0,5.0,3.5,2800.0,5120.0,2.5,0.0,3.0,0.0,111,9,WA 98122
395000.0,3.0,1.5,1080.0,2940.0,1.5,0.0,4.0,0.0,94,94,WA 98115
380000.0,3.0,1.75,1690.0,1468.0,2.0,0.0,3.0,310.0,6,6,WA 98108
440000.0,3.0,1.5,1270.0,1443.0,3.0,0.0,3.0,0.0,7,7,WA 98115
415000.0,3.0,2.25,1970.0,2377.0,2.0,0.0,3.0,290.0,6,6,WA 98108
500000.0,3.0,2.5,1210.0,1200.0,3.0,0.0,3.0,0.0,6,6,WA 98103
953007.0,4.0,3.5,3120.0,5086.0,2.0,0.0,3.0,640.0,6,6,WA 98115
772000.0,3.0,2.25,1640.0,1204.0,3.0,0.0,3.0,0.0,0,0,WA 98112
305000.0,2.0,2.5,1590.0,2656.0,2.0,0.0,3.0,370.0,5,5,WA 98106
325000.0,3.0,1.0,990.0,6750.0,1.0,0.0,4.0,0.0,67,26,WA 98133
199000.0,4.0,2.0,2030.0,8120.0,2.0,0.0,3.0,0.0,64,9,WA 98178
635000.0,4.0,2.25,2750.0,6180.0,1.0,0.0,4.0,1250.0,66,66,WA 98118
210000.0,3.0,1.0,1240.0,4842.0,1.0,0.0,4.0,0.0,98,98,WA 98118
475000.0,4.0,2.0,1790.0,2250.0,1.0,2.0,4.0,950.0,105,25,WA 98103
230000.0,5.0,2.0,1930.0,6120.0,1.5,0.0,3.0,0.0,73,45,WA 98146
249900.0,2.0,1.0,1140.0,5500.0,1.0,0.0,3.0,0.0,67,2,WA 98106
270000.0,3.0,1.75,1390.0,10905.0,1.0,0.0,3.0,530.0,57,14,WA 98106
1003000.0,4.0,2.75,2290.0,6120.0,2.0,0.0,4.0,120.0,88,21,WA 98115
299800.0,2.0,1.0,790.0,5240.0,1.0,0.0,4.0,0.0,89,46,WA 98118
360000.0,2.0,0.75,850.0,7710.0,1.0,2.0,5.0,300.0,105,26,WA 98108
218000.0,3.0,1.0,1020.0,7874.0,1.0,0.0,3.0,0.0,58,13,WA 98106
452000.0,4.0,2.0,1660.0,6150.0,1.0,0.0,3.0,810.0,69,4,WA 98126
535000.0,2.0,1.0,1030.0,4841.0,1.0,0.0,3.0,110.0,75,45,WA 98103
430000.0,3.0,1.0,1150.0,3000.0,1.0,0.0,5.0,0.0,108,108,WA 98103
450000.0,2.0,1.0,1200.0,4000.0,1.0,0.0,3.0,130.0,74,18,WA 98126
525000.0,3.0,1.0,1450.0,4000.0,1.0,1.0,4.0,500.0,66,66,WA 98118
1220000.0,4.0,2.5,3240.0,3600.0,2.0,0.0,3.0,1180.0,6,6,WA 98109
540000.0,3.0,2.0,1470.0,1691.0,2.0,0.0,3.0,470.0,7,7,WA 98115
285000.0,3.0,1.75,2380.0,6000.0,1.5,0.0,3.0,1060.0,79,40,WA 98178
300000.0,2.0,1.0,970.0,13700.0,1.0,0.0,3.0,0.0,65,16,WA 98106
700000.0,4.0,3.25,2780.0,7875.0,2.0,0.0,3.0,0.0,8,8,WA 98133
334990.0,4.0,2.5,2220.0,4228.0,2.0,0.0,3.0,0.0,0,0,WA 98146
360000.0,3.0,2.5,1530.0,1131.0,3.0,0.0,3.0,0.0,5,5,WA 98103
373500.0,2.0,1.0,800.0,3330.0,1.0,0.0,3.0,0.0,96,96,WA 98107
494400.0,2.0,1.75,1560.0,1750.0,1.0,0.0,4.0,780.0,110,110,WA 98109
926300.0,3.0,1.5,1660.0,4800.0,2.0,0.0,3.0,0.0,107,31,WA 98119
600000.0,3.0,1.75,1650.0,5100.0,1.0,0.0,5.0,610.0,106,106,WA 98115
219900.0,3.0,1.0,910.0,6000.0,1.0,0.0,2.0,0.0,58,58,WA 98146
270000.0,2.0,1.5,840.0,867.0,2.0,0.0,3.0,0.0,9,9,WA 98115
432000.0,3.0,2.25,1470.0,1578.0,2.0,0.0,3.0,380.0,7,7,WA 98136
305000.0,4.0,1.75,2200.0,8100.0,1.5,0.0,5.0,800.0,72,72,WA 98168
235750.0,2.0,1.0,740.0,11250.0,1.0,0.0,2.0,0.0,76,76,WA 98146
657000.0,4.0,1.75,2740.0,8520.0,1.0,2.0,3.0,1370.0,60,9,WA 98118
150000.0,2.0,1.0,820.0,10270.0,1.0,0.0,3.0,0.0,60,9,WA 98168
319950.0,2.0,1.0,1070.0,5824.0,1.0,2.0,5.0,0.0,65,65,WA 98178
337000.0,3.0,1.0,1070.0,6109.0,1.0,0.0,5.0,0.0,63,63,WA 98125
492000.0,4.0,2.0,1640.0,5000.0,2.0,0.0,3.0,0.0,107,31,WA 98107
400000.0,3.0,1.0,1040.0,6250.0,1.0,0.0,3.0,0.0,72,15,WA 98136
431500.0,3.0,3.5,1900.0,1612.0,2.0,0.0,3.0,470.0,6,6,WA 98136
677000.0,3.0,2.0,2000.0,3207.0,1.0,0.0,4.0,900.0,98,98,WA 98103
1180500.0,3.0,1.75,1610.0,7200.0,1.0,0.0,3.0,520.0,41,1,WA 98112
168000.0,2.0,2.5,1160.0,2174.0,2.0,0.0,3.0,0.0,16,8,WA 98106
805000.0,4.0,2.75,2410.0,6000.0,1.0,0.0,5.0,1000.0,64,64,WA 98107
940000.0,4.0,2.75,2080.0,4000.0,1.5,0.0,3.0,0.0,102,14,WA 98107
380000.0,2.0,2.5,1230.0,987.0,2.0,0.0,3.0,170.0,3,3,WA 98144
353250.0,2.0,1.0,1060.0,1600.0,2.0,0.0,3.0,0.0,35,0,WA 98144
320000.0,3.0,2.25,998.0,844.0,2.0,0.0,3.0,200.0,7,7,WA 98117
321000.0,3.0,2.25,1347.0,1292.0,3.0,0.0,3.0,0.0,4,4,WA 98125
359000.0,3.0,1.5,1360.0,885.0,3.0,0.0,3.0,0.0,6,6,WA 98103
300000.0,5.0,2.5,2760.0,6000.0,2.0,0.0,3.0,0.0,8,8,WA 98108
380000.0,5.0,3.5,2420.0,4670.0,2.0,0.0,3.0,0.0,1,91,WA 98118
355000.0,3.0,2.25,1280.0,959.0,3.0,0.0,3.0,0.0,9,9,WA 98103
353000.0,1.0,1.0,550.0,1279.0,2.0,0.0,3.0,0.0,6,6,WA 98122
430000.0,2.0,2.5,1520.0,1588.0,2.0,0.0,3.0,280.0,7,7,WA 98144
460000.0,3.0,1.0,1670.0,4005.0,1.5,0.0,4.0,500.0,75,25,WA 98117
325000.0,3.0,1.0,1920.0,6862.0,1.0,2.0,3.0,800.0,62,6,WA 98118
662990.0,3.0,1.75,1240.0,3600.0,1.5,0.0,5.0,0.0,88,88,WA 98116
478000.0,3.0,1.0,1280.0,2580.0,1.5,0.0,3.0,0.0,104,0,WA 98115
515000.0,2.0,1.0,1680.0,6500.0,1.0,0.0,4.0,540.0,73,16,WA 98136
149000.0,3.0,1.0,1700.0,8645.0,1.0,0.0,3.0,0.0,59,9,WA 98146
526000.0,3.0,1.75,1680.0,3420.0,1.0,0.0,3.0,720.0,22,22,WA 98115
648475.0,4.0,2.75,2250.0,5700.0,1.0,0.0,3.0,1050.0,63,20,WA 98109
383000.0,3.0,1.0,1800.0,5612.0,1.0,0.0,4.0,600.0,72,32,WA 98126
449950.0,3.0,2.0,1560.0,4080.0,2.0,0.0,3.0,0.0,91,32,WA 98115
599000.0,3.0,2.75,1960.0,2500.0,1.5,0.0,5.0,550.0,88,88,WA 98103
595000.0,2.0,1.5,1030.0,4500.0,1.0,0.0,3.0,200.0,90,3,WA 98109
661254.0,4.0,4.0,2290.0,6250.0,1.5,0.0,5.0,600.0,74,74,WA 98116
641000.0,3.0,1.75,1620.0,3975.0,1.0,0.0,5.0,680.0,88,88,WA 98117
464600.0,3.0,1.75,1120.0,5500.0,1.5,0.0,4.0,0.0,89,46,WA 98136
300000.0,2.0,1.0,1340.0,7788.0,1.0,2.0,3.0,0.0,67,2,WA 98178
670500.0,4.0,2.0,1590.0,6750.0,1.0,0.0,3.0,0.0,63,20,WA 98102
552000.0,3.0,1.0,1430.0,5000.0,1.0,0.0,4.0,350.0,95,29,WA 98115
244000.0,4.0,1.0,1450.0,8960.0,1.0,0.0,3.0,0.0,71,12,WA 98146
530000.0,4.0,1.75,1814.0,5000.0,1.0,0.0,4.0,870.0,63,15,WA 98115
90000.0,2.0,1.0,580.0,7500.0,1.0,0.0,3.0,0.0,71,12,WA 98178
585000.0,3.0,2.0,1670.0,4572.0,1.5,0.0,3.0,0.0,83,83,WA 98117
379000.0,2.0,1.0,800.0,6380.0,1.0,2.0,3.0,0.0,74,18,WA 98115
462000.0,3.0,1.75,1300.0,2580.0,1.0,0.0,5.0,480.0,95,80,WA 98115
606000.0,3.0,1.0,1500.0,3920.0,1.0,0.0,3.0,500.0,67,2,WA 98107
334000.0,4.0,2.5,2210.0,6080.0,1.0,2.0,4.0,800.0,49,49,WA 98178
360000.0,3.0,2.0,1270.0,1323.0,3.0,0.0,3.0,0.0,8,8,WA 98103
235000.0,2.0,1.0,1140.0,1730.0,1.5,0.0,3.0,130.0,7,7,WA 98126
355000.0,3.0,2.0,1220.0,1186.0,3.0,0.0,3.0,0.0,7,7,WA 98103
375000.0,2.0,2.5,750.0,1430.0,2.0,0.0,3.0,0.0,8,8,WA 98122
479000.0,3.0,1.0,1370.0,3000.0,1.5,0.0,3.0,0.0,90,3,WA 98103
501000.0,2.0,1.0,1010.0,4320.0,1.0,0.0,5.0,0.0,90,58,WA 98115
276000.0,3.0,1.0,1140.0,5000.0,1.0,0.0,3.0,0.0,54,2,WA 98106
468000.0,2.0,1.0,1160.0,6000.0,1.0,0.0,4.0,300.0,72,32,WA 98115
477000.0,4.0,2.75,1720.0,6270.0,2.0,0.0,3.0,0.0,36,36,WA 98118
529000.0,3.0,1.0,1210.0,3328.0,1.5,0.0,4.0,0.0,90,90,WA 98107
312000.0,3.0,1.5,1255.0,1374.0,3.0,0.0,3.0,0.0,10,11,WA 98125
326100.0,2.0,1.0,880.0,7683.0,1.0,0.0,3.0,0.0,72,15,WA 98177
360000.0,3.0,1.0,1050.0,9206.0,1.5,0.0,3.0,0.0,60,9,WA 98125
160000.0,2.0,1.0,1180.0,9350.0,1.0,0.0,3.0,0.0,96,96,WA 98178
1570000.0,4.0,3.75,3070.0,5850.0,2.0,0.0,5.0,670.0,87,87,WA 98112
400000.0,2.0,1.0,1470.0,6120.0,1.0,0.0,2.0,0.0,74,74,WA 98115
730001.0,3.0,2.0,1840.0,4750.0,1.0,0.0,5.0,830.0,63,63,WA 98117
751750.0,2.0,2.0,1880.0,5400.0,1.5,0.0,3.0,0.0,112,112,WA 98112
457500.0,3.0,1.75,1840.0,4030.0,1.0,0.0,5.0,790.0,89,89,WA 98108
535000.0,2.0,1.0,1040.0,5527.0,1.0,0.0,3.0,0.0,63,20,WA 98115
540000.0,4.0,4.25,1960.0,3565.0,2.0,0.0,3.0,0.0,74,11,WA 98116
525000.0,5.0,3.0,2750.0,3800.0,1.5,0.0,5.0,1000.0,88,88,WA 98115
1100000.0,3.0,2.75,2640.0,4050.0,1.5,0.0,5.0,890.0,88,88,WA 98112
499950.0,3.0,3.5,1820.0,1501.0,2.0,0.0,3.0,390.0,0,0,WA 98144
329000.0,3.0,1.0,1600.0,5952.0,1.0,0.0,4.0,450.0,50,50,WA 98106
435000.0,3.0,1.0,1270.0,4000.0,1.5,2.0,3.0,0.0,86,60,WA 98126
780000.0,3.0,3.0,2520.0,2152.0,1.5,0.0,3.0,960.0,89,8,WA 98119
345000.0,2.0,1.5,1180.0,844.0,2.0,0.0,3.0,190.0,9,9,WA 98144
967500.0,3.0,3.75,3250.0,5797.0,2.0,2.0,4.0,880.0,63,15,WA 98199
375000.0,3.0,1.5,2000.0,7294.0,1.0,0.0,3.0,480.0,49,21,WA 98118
994000.0,3.0,2.25,2510.0,6339.0,1.5,2.0,5.0,700.0,82,12,WA 98199
675000.0,3.0,2.5,2540.0,7680.0,2.0,1.0,4.0,0.0,74,13,WA 98177
280000.0,3.0,1.0,1200.0,6250.0,1.0,0.0,3.0,280.0,71,12,WA 98168
535000.0,4.0,2.5,2340.0,5600.0,2.0,0.0,3.0,0.0,93,1,WA 98146
427000.0,2.0,1.0,920.0,3780.0,1.0,0.0,3.0,0.0,104,8,WA 98103
405000.0,2.0,1.0,910.0,6490.0,1.0,0.0,3.0,0.0,72,15,WA 98115
480000.0,3.0,1.0,1150.0,4945.0,1.0,2.0,3.0,0.0,71,12,WA 98126
725000.0,3.0,1.5,2500.0,4774.0,1.5,2.0,3.0,1050.0,74,18,WA 98107
488000.0,3.0,2.5,1590.0,2550.0,3.0,0.0,3.0,0.0,29,29,WA 98117
460000.0,3.0,3.5,1600.0,1431.0,2.0,0.0,3.0,360.0,8,8,WA 98117
399950.0,3.0,3.0,1296.0,1051.0,3.0,0.0,3.0,0.0,5,5,WA 98125
370000.0,2.0,2.25,1280.0,835.0,2.0,0.0,3.0,200.0,5,5,WA 98118
495000.0,3.0,2.5,1750.0,1548.0,3.0,0.0,3.0,0.0,1,91,WA 98118
599000.0,4.0,2.75,2020.0,2750.0,1.0,0.0,3.0,1010.0,97,0,WA 98122
815000.0,4.0,2.25,2000.0,3800.0,2.0,0.0,3.0,0.0,13,13,WA 98115
740000.0,2.0,1.75,2080.0,4800.0,1.0,0.0,5.0,1000.0,91,91,WA 98117
925000.0,3.0,2.5,2690.0,7000.0,2.0,0.0,5.0,850.0,71,71,WA 98115
1285000.0,4.0,2.5,3240.0,10800.0,1.0,0.0,3.0,980.0,68,68,WA 98105
335000.0,4.0,2.0,1480.0,3132.0,1.0,0.0,5.0,740.0,104,104,WA 98108
840000.0,4.0,2.75,3040.0,2800.0,2.0,0.0,3.0,940.0,108,0,WA 98102
450000.0,3.0,1.0,1100.0,4600.0,1.0,0.0,3.0,0.0,97,5,WA 98116
681000.0,3.0,1.0,1700.0,6356.0,1.5,0.0,3.0,0.0,107,31,WA 98118
370000.0,3.0,1.0,800.0,2296.0,1.0,0.0,4.0,0.0,106,106,WA 98103
150000.0,3.0,1.0,820.0,7680.0,1.5,0.0,3.0,0.0,104,8,WA 98106
432500.0,3.0,1.75,1980.0,5100.0,1.0,0.0,3.0,710.0,49,21,WA 98103
820000.0,3.0,2.5,2510.0,5503.0,2.0,2.0,3.0,0.0,19,19,WA 98136
438750.0,3.0,1.75,1610.0,6480.0,1.0,0.0,4.0,0.0,67,26,WA 98125
1210000.0,4.0,2.75,3650.0,6982.0,2.0,2.0,4.0,1120.0,63,11,WA 98115
589000.0,3.0,1.0,1110.0,6000.0,1.5,0.0,5.0,0.0,82,12,WA 98199
590000.0,3.0,2.0,1650.0,6150.0,2.0,0.0,4.0,0.0,88,21,WA 98116
210000.0,2.0,1.5,880.0,1157.0,2.0,0.0,3.0,0.0,7,7,WA 98126
840500.0,3.0,2.0,2520.0,5400.0,1.5,0.0,4.0,1110.0,108,24,WA 98119
380000.0,3.0,2.0,1660.0,8281.0,1.0,0.0,3.0,0.0,65,16,WA 98136
355000.0,2.0,1.0,1270.0,3200.0,1.0,0.0,4.0,310.0,94,94,WA 98103
277000.0,4.0,1.0,1450.0,6250.0,1.0,0.0,3.0,460.0,50,14,WA 98146
270000.0,3.0,1.75,1300.0,4127.0,1.0,0.0,4.0,650.0,96,61,WA 98106
700000.0,2.0,1.75,2320.0,5500.0,1.5,2.0,3.0,600.0,89,14,WA 98144
635000.0,3.0,2.5,2300.0,5500.0,1.5,0.0,4.0,300.0,93,93,WA 98144
510250.0,3.0,1.75,1400.0,4000.0,1.0,0.0,3.0,530.0,63,20,WA 98117
960000.0,4.0,2.25,2410.0,4560.0,2.0,2.0,5.0,610.0,85,85,WA 98117
580000.0,5.0,2.0,1940.0,6000.0,1.0,0.0,5.0,970.0,69,69,WA 98115
285000.0,2.0,1.0,800.0,6240.0,1.0,0.0,3.0,0.0,60,9,WA 98125
840000.0,4.0,1.75,2330.0,4000.0,2.0,0.0,5.0,1030.0,90,58,WA 98105
474800.0,2.0,3.25,1400.0,1243.0,3.0,0.0,3.0,0.0,14,14,WA 98103
430000.0,3.0,3.75,3890.0,7140.0,1.0,2.0,3.0,1500.0,71,7,WA 98178
345000.0,2.0,1.0,1080.0,4000.0,1.0,0.0,3.0,0.0,74,18,WA 98117
875000.0,3.0,2.75,2280.0,4280.0,1.0,0.0,5.0,1000.0,97,97,WA 98103
325000.0,2.0,2.5,1050.0,1609.0,2.0,0.0,3.0,0.0,9,9,WA 98144
485000.0,4.0,1.0,1600.0,4300.0,1.5,0.0,4.0,0.0,98,98,WA 98103
535000.0,3.0,2.5,1360.0,1016.0,3.0,0.0,3.0,50.0,11,11,WA 98115
389000.0,2.0,1.0,910.0,7000.0,1.0,0.0,3.0,0.0,62,6,WA 98115
400000.0,4.0,1.5,1390.0,7200.0,1.0,0.0,3.0,250.0,49,21,WA 98133
820000.0,4.0,2.25,2280.0,6660.0,1.5,2.0,3.0,320.0,74,30,WA 98119
436500.0,2.0,1.0,1260.0,5000.0,1.0,0.0,3.0,220.0,63,20,WA 98117
680000.0,3.0,2.25,2330.0,4000.0,1.5,2.0,5.0,810.0,87,87,WA 98115
750500.0,5.0,3.0,2170.0,2440.0,1.5,0.0,4.0,720.0,103,48,WA 98105
550000.0,5.0,2.0,2450.0,9488.0,1.0,0.0,4.0,1210.0,114,59,WA 98133
619000.0,4.0,2.0,2300.0,3400.0,1.5,0.0,5.0,750.0,99,99,WA 98117
300000.0,2.0,1.0,820.0,3844.0,1.0,0.0,4.0,0.0,98,98,WA 98133
400000.0,4.0,2.75,1240.0,3867.0,1.0,0.0,3.0,440.0,27,14,WA 98125
450000.0,4.0,2.0,2240.0,7725.0,1.0,0.0,5.0,1120.0,58,58,WA 98106
595000.0,3.0,2.0,1480.0,5000.0,1.0,0.0,4.0,730.0,86,86,WA 98117
155000.0,3.0,1.0,1250.0,6250.0,1.0,0.0,2.0,220.0,65,65,WA 98108
529000.0,3.0,1.0,1590.0,6420.0,1.0,0.0,3.0,0.0,70,70,WA 98136
635200.0,4.0,1.75,1640.0,4240.0,1.0,0.0,5.0,720.0,93,93,WA 98117
540000.0,3.0,1.5,2600.0,5085.0,1.0,0.0,4.0,1200.0,74,13,WA 98126
402000.0,2.0,1.0,710.0,1173.0,2.0,0.0,4.0,0.0,71,71,WA 98102
329932.0,3.0,1.5,1460.0,5040.0,1.0,0.0,3.0,360.0,43,43,WA 98133
445000.0,4.0,1.75,1990.0,4725.0,1.5,0.0,4.0,800.0,70,70,WA 98126
395000.0,2.0,1.0,1320.0,1824.0,1.5,0.0,4.0,0.0,105,25,WA 98144
510000.0,3.0,1.5,2240.0,3800.0,2.0,0.0,3.0,870.0,85,85,WA 98115
685000.0,3.0,1.75,1940.0,7313.0,1.0,1.0,4.0,500.0,54,13,WA 98136
305000.0,2.0,2.25,1000.0,905.0,3.0,0.0,3.0,0.0,8,8,WA 98117
645000.0,3.0,3.25,1730.0,1229.0,2.0,2.0,3.0,410.0,6,6,WA 98119
385000.0,3.0,1.0,1220.0,4800.0,1.0,0.0,3.0,0.0,113,113,WA 98122
425000.0,3.0,1.75,1680.0,3000.0,1.0,2.0,4.0,840.0,114,43,WA 98103
369000.0,3.0,2.0,1550.0,8509.0,1.0,0.0,3.0,400.0,55,25,WA 98106
650000.0,2.0,2.5,1740.0,2500.0,2.0,2.0,3.0,530.0,20,20,WA 98112
299950.0,3.0,1.0,1210.0,9525.0,1.0,0.0,3.0,0.0,59,9,WA 98106
659000.0,4.0,2.5,3190.0,11375.0,1.0,0.0,5.0,980.0,68,68,WA 98125
490000.0,3.0,1.75,1920.0,5405.0,1.0,2.0,4.0,960.0,67,26,WA 98126
750000.0,3.0,1.75,1700.0,8400.0,1.0,0.0,3.0,240.0,67,2,WA 98199
700000.0,4.0,2.5,2310.0,3570.0,1.5,0.0,3.0,820.0,87,0,WA 98103
1365000.0,3.0,2.5,2090.0,6000.0,1.5,0.0,4.0,0.0,86,86,WA 98105
330000.0,2.0,2.5,1240.0,1546.0,2.0,0.0,3.0,0.0,7,7,WA 98108
560000.0,3.0,1.5,2000.0,7350.0,1.0,0.0,3.0,0.0,61,61,WA 98177
315000.0,3.0,2.0,1060.0,5750.0,1.0,0.0,3.0,0.0,33,1,WA 98126
399000.0,2.0,1.0,940.0,4800.0,1.0,0.0,4.0,0.0,103,59,WA 98116
280000.0,2.0,1.0,1880.0,7560.0,1.0,0.0,3.0,940.0,95,13,WA 98126
750000.0,4.0,2.75,2600.0,4674.0,1.0,0.0,3.0,1040.0,38,38,WA 98115
427000.0,5.0,2.75,2220.0,4000.0,1.0,0.0,3.0,990.0,41,1,WA 98144
735000.0,4.0,3.0,2840.0,4120.0,1.5,0.0,4.0,780.0,83,83,WA 98118
240000.0,3.0,2.0,1330.0,6000.0,1.0,0.0,4.0,700.0,114,43,WA 98108
645500.0,2.0,1.0,1890.0,5202.0,1.5,0.0,4.0,0.0,105,25,WA 98117
325000.0,3.0,1.75,2180.0,10230.0,1.0,0.0,4.0,1090.0,53,13,WA 98118
919204.0,4.0,3.5,3760.0,5000.0,2.0,0.0,3.0,900.0,0,0,WA 98117
615000.0,3.0,2.25,1760.0,1146.0,3.0,0.0,3.0,0.0,0,0,WA 98122
1505000.0,4.0,3.5,3480.0,7232.0,2.0,0.0,3.0,900.0,88,4,WA 98144
250000.0,1.0,1.0,750.0,4000.0,1.0,0.0,3.0,0.0,96,96,WA 98136
315000.0,3.0,1.0,960.0,6634.0,1.0,0.0,3.0,0.0,62,6,WA 98125
404000.0,3.0,1.5,2030.0,8880.0,1.0,0.0,3.0,700.0,51,6,WA 98108
285000.0,2.0,2.5,1380.0,1073.0,2.0,0.0,3.0,240.0,3,3,WA 98126
500000.0,3.0,2.0,1720.0,5525.0,1.0,2.0,5.0,760.0,73,73,WA 98108
380000.0,2.0,1.0,1210.0,4800.0,1.0,0.0,3.0,150.0,64,9,WA 98108
469000.0,3.0,1.0,950.0,4250.0,1.5,0.0,5.0,0.0,66,29,WA 98122
405000.0,2.0,1.75,1710.0,4234.0,2.0,0.0,3.0,380.0,94,35,WA 98136
629000.0,3.0,2.0,1760.0,5000.0,1.0,0.0,5.0,800.0,94,94,WA 98199
395000.0,1.0,1.0,730.0,3000.0,1.0,0.0,3.0,0.0,103,35,WA 98107
965000.0,4.0,2.5,2460.0,5000.0,2.0,0.0,5.0,840.0,76,76,WA 98112
820000.0,3.0,1.75,2160.0,6272.0,1.0,0.0,4.0,770.0,54,13,WA 98115
661000.0,4.0,2.25,1990.0,4600.0,1.5,2.0,4.0,570.0,82,56,WA 98126
686000.0,3.0,1.5,1840.0,9990.0,2.0,0.0,5.0,0.0,53,53,WA 98177
430000.0,2.0,1.0,990.0,4802.0,1.0,0.0,3.0,0.0,67,2,WA 98117
809000.0,4.0,1.5,1840.0,4337.0,2.0,0.0,4.0,0.0,97,97,WA 98112
440150.0,2.0,1.0,1110.0,6800.0,1.0,0.0,5.0,110.0,67,67,WA 98133
455000.0,2.0,1.0,1170.0,6000.0,1.0,0.0,4.0,200.0,73,16,WA 98103
635000.0,3.0,2.5,1960.0,7200.0,1.0,0.0,4.0,980.0,74,13,WA 98118
985000.0,3.0,1.75,1670.0,5400.0,2.0,0.0,5.0,0.0,102,102,WA 98112
465500.0,3.0,1.75,1890.0,7004.0,1.0,0.0,3.0,600.0,49,21,WA 98118
730000.0,4.0,2.0,2360.0,6000.0,1.0,0.0,5.0,1100.0,75,75,WA 98199
550000.0,3.0,2.0,1810.0,4064.0,1.5,0.0,3.0,0.0,89,12,WA 98103
345000.0,3.0,1.75,1990.0,5650.0,1.0,1.0,3.0,670.0,51,6,WA 98178
342000.0,2.0,2.5,1175.0,1366.0,2.0,0.0,3.0,435.0,9,9,WA 98103
455000.0,2.0,1.0,1140.0,5720.0,1.0,0.0,3.0,290.0,67,2,WA 98115
540000.0,4.0,1.75,1720.0,4240.0,1.5,0.0,4.0,260.0,89,46,WA 98144
544000.0,3.0,1.5,1790.0,8203.0,1.5,1.0,3.0,0.0,104,8,WA 98116
400000.0,3.0,2.5,1495.0,936.0,3.0,0.0,3.0,90.0,8,8,WA 98144
425000.0,3.0,2.25,1660.0,6000.0,1.0,0.0,3.0,550.0,35,0,WA 98122
650000.0,5.0,2.75,2550.0,5040.0,1.5,0.0,5.0,0.0,112,112,WA 98122
850000.0,3.0,1.75,1370.0,3850.0,1.0,0.0,5.0,600.0,103,26,WA 98112
930000.0,4.0,2.5,2200.0,4000.0,2.0,0.0,5.0,770.0,106,106,WA 98119
530000.0,3.0,1.75,1250.0,6041.0,1.5,0.0,5.0,0.0,72,72,WA 98115
500000.0,3.0,1.75,1620.0,4200.0,1.0,0.0,5.0,790.0,69,69,WA 98115
1100000.0,4.0,3.75,2930.0,3200.0,1.5,0.0,5.0,800.0,89,89,WA 98119
689800.0,3.0,2.75,2390.0,9313.0,1.0,0.0,5.0,1000.0,72,72,WA 98133
430000.0,3.0,2.0,1360.0,5120.0,1.5,0.0,4.0,450.0,90,90,WA 98116
785200.0,3.0,2.25,1840.0,3500.0,1.5,0.0,5.0,300.0,104,104,WA 98122
835000.0,4.0,2.75,1550.0,4000.0,1.5,0.0,3.0,0.0,84,17,WA 98105
440000.0,2.0,1.0,1230.0,6600.0,1.0,0.0,3.0,100.0,108,0,WA 98118
613000.0,3.0,2.5,1350.0,3068.0,2.0,0.0,3.0,0.0,23,23,WA 98122
660000.0,3.0,2.5,2290.0,2798.0,3.0,0.0,4.0,0.0,61,31,WA 98102
280000.0,2.0,1.5,1480.0,15641.0,1.0,0.0,4.0,0.0,74,13,WA 98146
235000.0,2.0,1.0,720.0,4840.0,1.0,0.0,4.0,0.0,67,26,WA 98126
390000.0,3.0,2.0,1080.0,7236.0,1.0,0.0,5.0,0.0,67,67,WA 98125
710000.0,3.0,2.0,2140.0,4923.0,1.0,0.0,4.0,1070.0,86,86,WA 98103
312000.0,3.0,2.25,1540.0,5338.0,1.0,0.0,5.0,770.0,60,60,WA 98115
545000.0,3.0,1.75,1810.0,3000.0,1.5,0.0,4.0,0.0,111,111,WA 98107
409950.0,2.0,1.75,1370.0,5125.0,1.0,0.0,5.0,0.0,70,70,WA 98103
847000.0,5.0,1.0,2550.0,4623.0,2.5,0.0,4.0,0.0,109,109,WA 98122
605000.0,3.0,2.0,2060.0,4040.0,1.0,0.0,4.0,940.0,67,26,WA 98103
425000.0,2.0,2.5,1140.0,1182.0,3.0,0.0,3.0,0.0,7,7,WA 98107
210000.0,3.0,1.0,1110.0,7962.0,1.0,0.0,3.0,0.0,52,11,WA 98146
718000.0,3.0,1.0,1030.0,4958.0,1.0,0.0,5.0,0.0,62,16,WA 98105
320000.0,3.0,3.25,1530.0,1602.0,2.0,0.0,3.0,390.0,1,91,WA 98106
390000.0,3.0,2.25,1250.0,7500.0,1.0,0.0,5.0,0.0,72,72,WA 98146
375000.0,4.0,1.75,2200.0,7475.0,1.0,0.0,5.0,1100.0,59,59,WA 98118
240500.0,3.0,1.75,1460.0,10584.0,1.0,0.0,3.0,470.0,17,17,WA 98168
327500.0,3.0,1.0,1070.0,7140.0,1.0,0.0,3.0,0.0,25,25,WA 98118
280000.0,2.0,1.0,960.0,4920.0,1.0,0.0,3.0,0.0,72,15,WA 98117
865000.0,3.0,1.75,2090.0,4725.0,2.0,0.0,3.0,480.0,67,1,WA 98199
135000.0,1.0,1.0,790.0,13062.0,1.0,0.0,3.0,0.0,72,15,WA 98168
437000.0,2.0,1.75,1500.0,6800.0,1.0,0.0,4.0,590.0,72,32,WA 98117
175000.0,2.0,1.0,670.0,2378.0,1.0,0.0,3.0,0.0,95,13,WA 98126
465000.0,3.0,1.0,910.0,4500.0,1.0,0.0,3.0,0.0,66,20,WA 98117
540000.0,3.0,1.0,1050.0,4160.0,1.0,0.0,4.0,0.0,89,46,WA 98115
525000.0,3.0,2.0,1540.0,7800.0,1.0,0.0,3.0,0.0,10,11,WA 98125
760500.0,3.0,2.0,1990.0,3990.0,1.0,0.0,5.0,860.0,102,102,WA 98103
519000.0,2.0,1.0,830.0,2820.0,1.0,0.0,4.0,0.0,94,94,WA 98103
317000.0,3.0,1.0,1010.0,5400.0,1.0,0.0,3.0,0.0,55,25,WA 98144
371000.0,3.0,1.5,1420.0,4500.0,1.0,0.0,3.0,0.0,55,25,WA 98103
499950.0,3.0,2.5,1520.0,2208.0,2.0,0.0,3.0,480.0,7,7,WA 98119
375000.0,2.0,1.0,820.0,6250.0,1.0,0.0,4.0,0.0,92,92,WA 98136
640000.0,3.0,2.5,1690.0,1553.0,2.5,0.0,3.0,0.0,7,7,WA 98199
989000.0,5.0,3.5,3280.0,4000.0,2.0,0.0,3.0,840.0,11,11,WA 98117
365000.0,2.0,1.0,1250.0,8100.0,1.0,0.0,4.0,0.0,67,26,WA 98125
411715.0,3.0,1.75,1840.0,5101.0,1.0,0.0,5.0,800.0,62,16,WA 98108
489000.0,3.0,1.5,1020.0,9072.0,1.0,0.0,3.0,100.0,84,17,WA 98115
355000.0,2.0,1.75,1650.0,4000.0,1.0,0.0,4.0,700.0,67,26,WA 98108
742000.0,3.0,3.25,1540.0,704.0,3.0,0.0,3.0,0.0,3,3,WA 98122
399950.0,3.0,1.5,2080.0,5244.0,1.0,0.0,3.0,890.0,55,25,WA 98125
767450.0,3.0,2.0,1630.0,7599.0,1.0,0.0,3.0,0.0,8,8,WA 98117
586500.0,3.0,2.5,1780.0,1487.0,3.0,0.0,3.0,180.0,8,8,WA 98103
455000.0,3.0,1.75,1420.0,1189.0,3.0,0.0,3.0,0.0,8,8,WA 98103
620000.0,4.0,2.25,2400.0,5350.0,1.5,0.0,4.0,940.0,85,85,WA 98117
269000.0,3.0,1.0,1690.0,4250.0,1.0,0.0,3.0,670.0,47,3,WA 98178
875000.0,3.0,3.5,3250.0,6000.0,2.0,0.0,3.0,750.0,13,13,WA 98136
647500.0,3.0,1.75,1290.0,3870.0,1.0,0.0,5.0,0.0,98,98,WA 98144
450000.0,4.0,1.0,2000.0,4676.0,1.5,0.0,3.0,750.0,98,28,WA 98118
440000.0,3.0,1.0,1050.0,7500.0,1.0,0.0,3.0,0.0,114,9,WA 98136
445000.0,4.0,2.5,2340.0,3784.0,2.0,0.0,3.0,0.0,6,6,WA 98106
875000.0,5.0,2.5,2920.0,5568.0,2.0,0.0,3.0,600.0,108,0,WA 98112
495000.0,5.0,3.0,2440.0,4750.0,1.0,0.0,3.0,990.0,8,8,WA 98108
546000.0,2.0,1.0,970.0,3400.0,1.0,0.0,3.0,0.0,90,3,WA 98109
700000.0,3.0,1.75,1910.0,4800.0,1.0,0.0,3.0,830.0,55,25,WA 98103
640000.0,3.0,1.75,2340.0,4206.0,1.0,0.0,5.0,1170.0,97,97,WA 98144
390000.0,3.0,2.0,1463.0,868.0,3.0,0.0,3.0,0.0,11,11,WA 98115
466500.0,3.0,1.0,1430.0,3840.0,1.0,0.0,3.0,480.0,69,4,WA 98117
356000.0,2.0,1.0,920.0,4095.0,1.0,0.0,4.0,0.0,100,69,WA 98118
229000.0,2.0,1.0,1190.0,7408.0,1.0,0.0,3.0,360.0,73,20,WA 98168
619000.0,4.0,1.75,1660.0,3800.0,1.5,0.0,3.0,0.0,88,11,WA 98115
547000.0,3.0,2.5,1480.0,8381.0,1.0,0.0,4.0,0.0,46,46,WA 98125
499000.0,3.0,3.5,1690.0,1432.0,2.0,0.0,3.0,330.0,6,6,WA 98199
453500.0,4.0,1.75,2000.0,6032.0,1.0,2.0,3.0,700.0,55,25,WA 98146
456000.0,4.0,1.75,1670.0,9886.0,1.0,0.0,5.0,0.0,67,67,WA 98125
335000.0,3.0,2.0,1170.0,5360.0,1.0,0.0,3.0,0.0,95,13,WA 98106
605004.0,4.0,2.0,1370.0,4000.0,2.0,0.0,3.0,0.0,63,20,WA 98199
886000.0,4.0,2.0,2660.0,3900.0,1.5,0.0,4.0,1180.0,91,91,WA 98112
465000.0,3.0,2.25,1530.0,1245.0,2.0,0.0,3.0,480.0,0,0,WA 98122
584000.0,3.0,2.5,1480.0,1485.0,2.0,0.0,3.0,200.0,7,7,WA 98102
275000.0,3.0,3.0,1390.0,1080.0,2.0,0.0,3.0,250.0,8,8,WA 98118
324500.0,3.0,2.5,1660.0,3990.0,2.0,0.0,3.0,0.0,5,5,WA 98118
700000.0,3.0,2.5,2050.0,4185.0,2.0,0.0,3.0,0.0,3,3,WA 98117
385200.0,4.0,1.0,1550.0,7740.0,1.5,0.0,3.0,0.0,60,9,WA 98126
735000.0,4.0,2.5,2820.0,6180.0,2.0,0.0,3.0,770.0,1,91,WA 98118
389250.0,2.0,1.5,1490.0,4080.0,1.0,0.0,3.0,560.0,58,13,WA 98126
545000.0,4.0,2.5,2040.0,6034.0,2.0,0.0,3.0,0.0,24,5,WA 98115
550000.0,3.0,1.5,1900.0,5000.0,1.5,0.0,3.0,260.0,88,11,WA 98115
500000.0,4.0,1.0,1720.0,4011.0,1.5,0.0,4.0,0.0,110,110,WA 98107
920000.0,4.0,2.75,2880.0,5750.0,1.5,0.0,5.0,1170.0,86,44,WA 98116
435000.0,2.0,1.0,1260.0,4080.0,1.5,0.0,5.0,0.0,88,88,WA 98115
253500.0,2.0,1.0,810.0,4800.0,1.0,0.0,3.0,0.0,66,20,WA 98126
595000.0,4.0,2.5,1990.0,2175.0,2.0,0.0,3.0,310.0,9,9,WA 98107
660000.0,3.0,1.75,1980.0,3300.0,1.5,0.0,4.0,840.0,88,21,WA 98115
285000.0,2.0,1.0,780.0,5000.0,1.0,0.0,4.0,0.0,71,71,WA 98146
435000.0,3.0,2.0,980.0,5000.0,1.0,0.0,3.0,0.0,74,18,WA 98144
1280000.0,4.0,3.5,3010.0,3600.0,2.0,0.0,3.0,640.0,15,15,WA 98112
739000.0,4.0,3.0,2720.0,3800.0,2.0,0.0,5.0,920.0,95,80,WA 98115
452000.0,2.0,1.75,1740.0,5400.0,1.0,0.0,4.0,750.0,68,25,WA 98115
279000.0,5.0,2.5,2690.0,5557.0,2.0,0.0,3.0,0.0,2,102,WA 98178
405000.0,2.0,2.0,1405.0,1073.0,2.0,0.0,3.0,265.0,7,7,WA 98122
490000.0,3.0,3.0,1730.0,2940.0,3.0,0.0,3.0,0.0,29,29,WA 98117
445000.0,2.0,1.0,1440.0,3225.0,1.0,0.0,3.0,480.0,99,99,WA 98103
455000.0,3.0,1.0,1300.0,3550.0,1.5,0.0,3.0,0.0,87,3,WA 98105
410000.0,3.0,1.0,1410.0,5060.0,1.0,0.0,4.0,500.0,58,58,WA 98133
450000.0,3.0,1.75,1640.0,13500.0,1.0,0.0,3.0,530.0,74,18,WA 98125
552000.0,2.0,2.5,1380.0,951.0,3.0,0.0,3.0,0.0,8,8,WA 98103
378500.0,2.0,1.0,730.0,7528.0,1.0,0.0,3.0,0.0,68,68,WA 98115
304700.0,2.0,1.0,740.0,5995.0,1.0,0.0,4.0,0.0,65,29,WA 98133
568000.0,3.0,1.75,2050.0,3520.0,1.0,0.0,4.0,980.0,37,37,WA 98136
345000.0,3.0,2.5,1210.0,1420.0,3.0,0.0,3.0,0.0,6,6,WA 98103
435000.0,3.0,2.25,1890.0,7200.0,1.0,0.0,4.0,660.0,41,41,WA 98125
400000.0,2.0,1.0,1140.0,5100.0,1.0,0.0,3.0,0.0,72,15,WA 98136
440000.0,3.0,1.75,2240.0,8153.0,1.0,0.0,3.0,1120.0,66,20,WA 98125
417000.0,2.0,1.0,920.0,6600.0,1.0,0.0,3.0,0.0,95,11,WA 98118
435000.0,2.0,1.0,800.0,5000.0,1.0,0.0,3.0,0.0,108,0,WA 98107
831000.0,4.0,2.5,2030.0,3905.0,1.5,0.0,4.0,400.0,88,21,WA 98103
425000.0,2.0,1.0,910.0,4635.0,1.0,0.0,4.0,0.0,109,109,WA 98107
550000.0,4.0,2.5,2700.0,5100.0,1.0,0.0,4.0,1260.0,46,46,WA 98136
750000.0,4.0,3.25,2050.0,5000.0,2.0,0.0,4.0,680.0,27,27,WA 98112
550000.0,3.0,1.75,1380.0,3402.0,1.5,0.0,3.0,0.0,114,14,WA 98122
352750.0,2.0,1.75,1060.0,1241.0,2.0,0.0,3.0,100.0,6,6,WA 98144
403950.0,2.0,1.0,710.0,1136.0,2.0,0.0,4.0,0.0,71,71,WA 98102
980000.0,4.0,2.5,2730.0,4800.0,1.5,0.0,5.0,500.0,105,26,WA 98119
428000.0,3.0,2.0,1310.0,2550.0,1.0,0.0,3.0,530.0,28,28,WA 98103
559000.0,3.0,1.5,2070.0,5386.0,1.0,0.0,4.0,930.0,66,66,WA 98117
620000.0,3.0,2.5,2590.0,7237.0,2.0,0.0,3.0,0.0,10,11,WA 98125
240000.0,4.0,1.0,1910.0,16320.0,1.5,0.0,3.0,0.0,80,36,WA 98106
489000.0,3.0,3.5,1500.0,1249.0,2.0,0.0,3.0,260.0,10,11,WA 98107
398000.0,3.0,2.5,1720.0,1715.0,2.0,0.0,3.0,480.0,10,11,WA 98136
345000.0,2.0,1.5,1340.0,1210.0,2.0,0.0,3.0,220.0,6,6,WA 98144
365000.0,3.0,2.5,1800.0,2700.0,2.0,0.0,3.0,0.0,3,3,WA 98126
315000.0,3.0,2.5,1480.0,1590.0,2.0,0.0,3.0,330.0,4,4,WA 98106
571000.0,4.0,2.0,2750.0,7807.0,1.5,0.0,5.0,500.0,98,98,WA 98125
420000.0,2.0,1.0,860.0,3880.0,1.0,0.0,4.0,0.0,98,98,WA 98117
700000.0,3.0,2.0,2080.0,3880.0,1.0,0.0,5.0,920.0,60,60,WA 98117
800000.0,3.0,2.25,1620.0,4500.0,2.0,0.0,4.0,0.0,88,21,WA 98119
440000.0,3.0,1.5,1290.0,1286.0,3.0,0.0,3.0,0.0,14,14,WA 98103
558000.0,4.0,2.0,2180.0,3870.0,1.0,0.0,3.0,1160.0,114,9,WA 98122
417500.0,4.0,1.0,1390.0,10800.0,1.5,0.0,4.0,0.0,73,16,WA 98177
1240000.0,5.0,3.0,2830.0,7500.0,2.0,0.0,3.0,370.0,91,16,WA 98105
480000.0,4.0,1.75,2320.0,4322.0,1.0,0.0,3.0,1180.0,104,8,WA 98144
659500.0,3.0,1.75,1820.0,5500.0,1.0,0.0,4.0,200.0,57,13,WA 98115
315000.0,2.0,1.0,1740.0,3622.0,1.0,0.0,4.0,790.0,90,90,WA 98118
268000.0,2.0,1.0,1380.0,5000.0,1.0,0.0,3.0,510.0,71,12,WA 98108
499000.0,2.0,1.0,1220.0,3000.0,1.0,0.0,3.0,300.0,88,11,WA 98117
1070000.0,3.0,3.0,2940.0,4622.0,2.0,0.0,4.0,710.0,26,26,WA 98105
429000.0,3.0,3.25,1410.0,1246.0,3.0,0.0,3.0,0.0,9,9,WA 98103
403000.0,2.0,1.0,1100.0,3598.0,1.0,0.0,4.0,0.0,88,21,WA 98144
516200.0,3.0,2.0,2110.0,5150.0,1.0,0.0,5.0,1030.0,95,80,WA 98118
870000.0,4.0,2.5,3340.0,12248.0,2.0,1.0,3.0,870.0,16,8,WA 98126
429950.0,3.0,1.5,2010.0,9480.0,1.0,0.0,3.0,440.0,63,20,WA 98125
310000.0,3.0,2.5,1780.0,6771.0,1.0,0.0,3.0,550.0,24,5,WA 98106
555000.0,3.0,2.0,2180.0,4976.0,1.5,2.0,4.0,500.0,84,84,WA 98126
433000.0,3.0,1.75,1870.0,7189.0,1.0,0.0,3.0,600.0,55,25,WA 98118
566000.0,4.0,1.75,2440.0,5000.0,1.0,0.0,3.0,1100.0,60,9,WA 98117
700000.0,5.0,2.75,3100.0,9825.0,2.0,2.0,4.0,0.0,64,32,WA 98125
749000.0,3.0,1.0,1580.0,5000.0,1.5,0.0,3.0,0.0,88,11,WA 98117
680000.0,3.0,1.75,1760.0,8400.0,1.0,0.0,4.0,300.0,54,13,WA 98136
1059500.0,5.0,3.25,3230.0,3825.0,2.0,0.0,3.0,750.0,0,0,WA 98117
499950.0,2.0,2.25,1060.0,1208.0,2.0,0.0,3.0,120.0,9,9,WA 98102
399950.0,2.0,1.0,710.0,1157.0,2.0,0.0,4.0,0.0,71,71,WA 98102
850830.0,3.0,2.5,2070.0,13241.0,1.5,0.0,5.0,800.0,104,104,WA 98102
588000.0,4.0,2.0,1680.0,5000.0,1.0,0.0,3.0,700.0,64,9,WA 98115
665000.0,6.0,3.0,4250.0,4400.0,2.5,0.0,4.0,1230.0,112,112,WA 98118
527000.0,2.0,1.75,1640.0,4080.0,1.0,0.0,3.0,800.0,93,14,WA 98105
487028.0,2.0,1.5,1295.0,1093.0,2.0,0.0,3.0,190.0,7,7,WA 98122
799000.0,3.0,1.5,2210.0,6300.0,1.5,0.0,5.0,0.0,98,98,WA 98144
262500.0,3.0,1.5,1160.0,8906.0,1.0,0.0,3.0,0.0,52,11,WA 98118
220000.0,3.0,1.0,1050.0,6300.0,1.0,0.0,3.0,0.0,72,15,WA 98146
650000.0,2.0,1.0,1030.0,5750.0,1.0,0.0,5.0,0.0,86,44,WA 98116
435000.0,3.0,2.5,1420.0,2581.0,3.0,0.0,3.0,0.0,10,11,WA 98133
295000.0,5.0,3.5,2100.0,5107.0,2.0,0.0,3.0,690.0,15,15,WA 98178
1085000.0,5.0,2.5,2340.0,6000.0,2.0,0.0,4.0,0.0,92,92,WA 98144
371000.0,3.0,1.0,890.0,7200.0,1.0,0.0,3.0,0.0,63,20,WA 98125
514000.0,3.0,1.75,1720.0,5899.0,1.0,1.0,3.0,500.0,28,28,WA 98136
386000.0,3.0,1.5,1270.0,1318.0,2.0,0.0,3.0,190.0,10,11,WA 98199
465000.0,4.0,1.75,1470.0,5350.0,1.0,0.0,3.0,490.0,59,9,WA 98125
700000.0,3.0,2.75,2500.0,7378.0,1.0,0.0,5.0,1110.0,66,29,WA 98177
350000.0,3.0,3.25,1460.0,1592.0,2.0,0.0,3.0,330.0,8,8,WA 98126
148000.0,1.0,1.0,620.0,8261.0,1.0,0.0,3.0,0.0,75,45,WA 98106
530000.0,3.0,1.75,1550.0,3680.0,1.0,0.0,3.0,500.0,87,3,WA 98117
349000.0,3.0,2.5,1430.0,1002.0,3.0,0.0,3.0,0.0,12,12,WA 98103
735000.0,4.0,1.75,2460.0,5100.0,1.5,0.0,5.0,1010.0,105,26,WA 98115
476000.0,3.0,1.0,1140.0,5500.0,1.5,0.0,4.0,0.0,106,106,WA 98199
110000.0,2.0,1.0,800.0,15000.0,1.0,0.0,3.0,0.0,87,3,WA 98168
317000.0,3.0,1.0,1160.0,8813.0,1.0,0.0,3.0,0.0,62,6,WA 98125
460000.0,3.0,2.0,2060.0,4437.0,1.0,0.0,3.0,1030.0,85,85,WA 98126
405000.0,3.0,2.0,1640.0,7201.0,1.0,0.0,3.0,0.0,66,20,WA 98125
333000.0,2.0,1.0,720.0,6686.0,1.0,0.0,3.0,0.0,72,15,WA 98117
619400.0,4.0,2.0,2090.0,3610.0,1.5,0.0,5.0,300.0,87,87,WA 98115
547500.0,3.0,3.5,1650.0,2262.0,3.0,0.0,3.0,0.0,4,4,WA 98103
399950.0,2.0,1.0,710.0,1131.0,2.0,0.0,4.0,0.0,71,71,WA 98102
250000.0,2.0,1.5,982.0,846.0,2.0,0.0,3.0,176.0,8,8,WA 98133
545000.0,2.0,1.25,1240.0,2150.0,2.0,0.0,3.0,0.0,0,0,WA 98117
315000.0,2.0,1.0,970.0,5665.0,1.0,0.0,4.0,0.0,106,106,WA 98118
678500.0,3.0,2.0,2460.0,6600.0,1.0,2.0,4.0,1090.0,62,62,WA 98136
580000.0,5.0,2.0,2060.0,6000.0,2.0,0.0,3.0,0.0,111,9,WA 98105
445000.0,3.0,1.0,1050.0,5664.0,1.0,0.0,4.0,140.0,67,26,WA 98115
585000.0,3.0,2.5,1910.0,1501.0,2.5,0.0,3.0,380.0,7,7,WA 98199
480000.0,3.0,2.5,1250.0,1103.0,3.0,2.0,3.0,0.0,9,9,WA 98103
575000.0,2.0,1.0,1510.0,4032.0,1.5,0.0,3.0,200.0,79,40,WA 98199
350000.0,4.0,2.25,2300.0,4600.0,1.5,0.0,4.0,960.0,110,110,WA 98144
599000.0,5.0,2.75,2820.0,4608.0,1.0,0.0,3.0,1370.0,47,3,WA 98117
1184000.0,4.0,2.5,3200.0,7500.0,1.5,1.0,5.0,1340.0,66,29,WA 98115
545000.0,3.0,1.0,1510.0,5000.0,1.5,0.0,3.0,0.0,105,10,WA 98105
440000.0,3.0,1.0,1210.0,5750.0,1.5,0.0,4.0,0.0,104,104,WA 98136
445000.0,5.0,1.75,2460.0,6846.0,1.5,0.0,5.0,1120.0,103,30,WA 98108
397990.0,3.0,1.0,1180.0,11862.0,1.0,0.0,4.0,0.0,66,66,WA 98177
706000.0,3.0,2.75,1900.0,6400.0,1.0,0.0,5.0,490.0,72,72,WA 98105
363000.0,3.0,3.25,1651.0,1779.0,2.0,0.0,3.0,310.0,6,6,WA 98133
620000.0,2.0,1.0,1430.0,3000.0,1.5,0.0,3.0,130.0,85,85,WA 98112
448000.0,2.0,1.5,1630.0,3780.0,1.0,0.0,4.0,740.0,74,13,WA 98107
310000.0,5.0,3.0,1880.0,5000.0,1.0,0.0,3.0,780.0,17,17,WA 98106
495000.0,4.0,2.5,2140.0,7245.0,2.0,0.0,3.0,0.0,11,11,WA 98133
440000.0,3.0,1.0,1710.0,6556.0,1.5,0.0,4.0,510.0,88,21,WA 98133
280000.0,1.0,0.75,420.0,6720.0,1.0,0.0,3.0,0.0,92,6,WA 98108
656500.0,4.0,2.0,2710.0,4750.0,1.0,0.0,4.0,1250.0,95,29,WA 98115
660000.0,3.0,3.0,2340.0,2970.0,2.0,0.0,5.0,180.0,89,89,WA 98103
560000.0,4.0,1.75,1880.0,3880.0,1.5,0.0,4.0,790.0,70,70,WA 98107
594000.0,4.0,1.75,1870.0,5200.0,2.0,0.0,4.0,670.0,77,77,WA 98115
600000.0,3.0,2.25,1480.0,5400.0,2.0,0.0,4.0,0.0,100,69,WA 98122
430000.0,4.0,1.75,1890.0,6000.0,1.0,0.0,4.0,780.0,67,26,WA 98125
312500.0,2.0,1.5,1070.0,1200.0,2.0,0.0,3.0,0.0,15,15,WA 98103
300000.0,3.0,3.25,1470.0,1235.0,2.0,0.0,3.0,290.0,6,6,WA 98108
822500.0,5.0,3.5,2320.0,4960.0,2.0,0.0,5.0,600.0,88,88,WA 98103
1125000.0,6.0,3.75,3010.0,4360.0,2.0,0.0,3.0,1010.0,0,0,WA 98103
285000.0,3.0,1.75,1840.0,8601.0,1.0,0.0,3.0,920.0,109,0,WA 98118
370000.0,2.0,1.0,900.0,4600.0,1.0,0.0,3.0,0.0,63,20,WA 98117
1030000.0,4.0,2.5,2750.0,4800.0,2.0,0.0,3.0,790.0,109,9,WA 98103
775000.0,4.0,2.0,3140.0,10875.0,1.0,1.0,3.0,1200.0,75,45,WA 98199
1335000.0,5.0,2.25,4200.0,5800.0,2.5,0.0,4.0,1290.0,108,24,WA 98112
499950.0,3.0,1.0,1830.0,3000.0,1.5,0.0,3.0,400.0,88,11,WA 98103
153000.0,3.0,1.0,1270.0,6405.0,1.5,0.0,3.0,0.0,70,70,WA 98178
585000.0,3.0,1.0,1870.0,2807.0,1.5,0.0,4.0,290.0,87,87,WA 98107
369500.0,3.0,1.5,1650.0,9957.0,1.0,0.0,4.0,550.0,53,13,WA 98125
305000.0,3.0,1.5,1210.0,5240.0,1.0,0.0,4.0,600.0,31,31,WA 98106
215000.0,2.0,1.0,710.0,7200.0,1.0,0.0,3.0,0.0,71,12,WA 98178
910000.0,5.0,2.5,2350.0,4000.0,2.0,0.0,3.0,0.0,21,21,WA 98112
513000.0,4.0,2.75,2020.0,7070.0,1.0,0.0,5.0,1010.0,56,56,WA 98126
385000.0,3.0,2.25,1920.0,4833.0,1.0,0.0,4.0,860.0,93,93,WA 98133
330000.0,3.0,2.5,1070.0,1155.0,2.0,0.0,3.0,350.0,9,9,WA 98116
799000.0,3.0,2.5,2860.0,4442.0,2.0,0.0,3.0,0.0,14,14,WA 98199
589000.0,3.0,2.0,2250.0,8800.0,1.0,0.0,4.0,1000.0,89,46,WA 98116
538000.0,3.0,1.0,1460.0,7200.0,1.0,0.0,3.0,200.0,108,0,WA 98103
530100.0,3.0,1.0,1540.0,3399.0,1.5,0.0,3.0,340.0,88,11,WA 98117
718500.0,3.0,2.0,2910.0,6600.0,2.0,0.0,4.0,990.0,114,26,WA 98118
556000.0,3.0,1.75,1640.0,7437.0,1.0,0.0,3.0,550.0,66,20,WA 98126
575000.0,3.0,3.0,1384.0,1287.0,2.0,0.0,3.0,240.0,8,8,WA 98102
530000.0,3.0,2.5,1930.0,7214.0,2.0,0.0,3.0,0.0,9,9,WA 98125
496752.0,2.0,1.0,1980.0,5000.0,1.0,0.0,4.0,890.0,91,91,WA 98144
330000.0,3.0,1.75,1430.0,8865.0,1.0,0.0,3.0,0.0,64,9,WA 98125
520500.0,3.0,2.0,1900.0,8100.0,1.0,0.0,4.0,950.0,74,13,WA 98115
460000.0,3.0,1.75,1550.0,4708.0,1.0,0.0,4.0,690.0,65,29,WA 98115
763101.0,3.0,1.75,1990.0,5560.0,1.0,0.0,4.0,890.0,75,25,WA 98105
460000.0,2.0,1.5,1090.0,4000.0,1.0,0.0,3.0,120.0,63,20,WA 98116
825000.0,4.0,1.5,1890.0,6938.0,1.5,0.0,3.0,0.0,95,13,WA 98116
418000.0,4.0,3.0,2360.0,6250.0,1.0,2.0,3.0,900.0,54,2,WA 98118
690000.0,2.0,1.75,1600.0,4000.0,1.0,0.0,5.0,750.0,96,96,WA 98112
300000.0,5.0,3.0,1940.0,6355.0,1.0,0.0,3.0,740.0,7,7,WA 98168
385000.0,4.0,1.75,1690.0,4080.0,1.0,0.0,4.0,820.0,30,30,WA 98144
415000.0,4.0,2.0,1800.0,2970.0,1.0,0.0,4.0,800.0,91,91,WA 98115
235000.0,2.0,1.5,880.0,1805.0,2.0,0.0,3.0,0.0,15,15,WA 98133
667000.0,3.0,1.5,1720.0,8100.0,2.0,0.0,3.0,0.0,107,31,WA 98107
375000.0,4.0,2.0,1240.0,3000.0,1.0,0.0,3.0,200.0,106,26,WA 98122
332000.0,1.0,1.0,960.0,2640.0,1.0,0.0,3.0,200.0,106,26,WA 98112
1095000.0,4.0,4.0,3530.0,8400.0,2.0,0.0,5.0,900.0,56,56,WA 98199
277000.0,3.0,1.0,1100.0,8536.0,1.0,0.0,4.0,0.0,57,13,WA 98118
660000.0,6.0,1.75,1840.0,2774.0,1.0,0.0,3.0,780.0,114,9,WA 98122
524000.0,2.0,1.0,1120.0,2000.0,1.5,0.0,3.0,0.0,104,8,WA 98109
470000.0,3.0,1.5,1760.0,6723.0,1.0,0.0,3.0,600.0,56,10,WA 98118
460000.0,2.0,1.0,890.0,2100.0,1.0,0.0,4.0,130.0,95,29,WA 98107
552000.0,3.0,1.0,1120.0,2300.0,1.0,0.0,4.0,300.0,102,25,WA 98117
373000.0,3.0,1.0,1770.0,5720.0,1.5,0.0,4.0,630.0,88,21,WA 98126
245000.0,2.0,1.0,1200.0,4880.0,1.0,0.0,3.0,220.0,71,12,WA 98106
450000.0,6.0,2.25,3550.0,11780.0,1.0,0.0,4.0,590.0,66,66,WA 98125
650000.0,4.0,2.75,2610.0,4160.0,3.0,0.0,5.0,700.0,104,104,WA 98103
378000.0,5.0,2.5,2760.0,8015.0,1.0,0.0,4.0,1160.0,54,13,WA 98125
340000.0,3.0,2.5,1212.0,1174.0,3.0,0.0,3.0,0.0,10,11,WA 98125
335000.0,3.0,1.5,2040.0,6000.0,1.0,0.0,3.0,700.0,57,14,WA 98118
523950.0,3.0,2.25,1420.0,1282.0,3.0,0.0,3.0,0.0,8,8,WA 98103
320000.0,3.0,2.25,1200.0,1400.0,3.0,0.0,3.0,0.0,9,9,WA 98133
468500.0,3.0,2.5,1350.0,1186.0,2.0,0.0,3.0,230.0,7,7,WA 98117
685000.0,4.0,3.5,2840.0,4637.0,3.0,0.0,3.0,0.0,6,6,WA 98125
435000.0,3.0,2.0,1980.0,2674.0,3.0,0.0,3.0,0.0,7,7,WA 98136
210000.0,1.0,1.0,930.0,7129.0,1.0,0.0,3.0,0.0,66,20,WA 98133
560000.0,5.0,1.0,1710.0,9100.0,1.5,0.0,4.0,390.0,88,21,WA 98126
473000.0,2.0,1.0,900.0,5100.0,1.0,0.0,4.0,0.0,105,25,WA 98117
475000.0,3.0,2.25,2280.0,5750.0,1.0,1.0,4.0,1130.0,29,29,WA 98116
458000.0,4.0,1.5,1550.0,3000.0,1.5,0.0,3.0,200.0,96,96,WA 98105
547000.0,4.0,1.0,1720.0,2800.0,1.5,0.0,4.0,520.0,88,21,WA 98115
379900.0,5.0,3.5,2800.0,7350.0,2.0,0.0,3.0,0.0,19,19,WA 98106
342000.0,2.0,1.0,740.0,6180.0,1.0,0.0,3.0,0.0,66,20,WA 98118
640000.0,3.0,2.0,1380.0,4800.0,1.0,0.0,3.0,0.0,66,20,WA 98119
1010000.0,3.0,3.25,2420.0,1923.0,2.0,2.0,3.0,580.0,8,8,WA 98109
1008000.0,4.0,3.5,2650.0,3060.0,2.0,0.0,3.0,590.0,13,13,WA 98103
320000.0,3.0,1.0,860.0,5060.0,1.5,0.0,3.0,0.0,87,3,WA 98133
479000.0,2.0,2.25,1230.0,932.0,2.0,0.0,3.0,210.0,10,11,WA 98112
472000.0,3.0,2.5,1180.0,1262.0,3.0,0.0,3.0,0.0,4,4,WA 98119
560000.0,3.0,2.0,2340.0,3477.0,1.0,1.0,5.0,1170.0,43,43,WA 98118
549000.0,2.0,2.5,1380.0,953.0,3.0,0.0,3.0,0.0,8,8,WA 98103
729000.0,3.0,1.0,1580.0,3840.0,2.0,0.0,3.0,0.0,106,26,WA 98102
465000.0,2.0,2.75,1430.0,1425.0,2.0,0.0,3.0,435.0,8,8,WA 98112
667500.0,3.0,2.0,1880.0,3800.0,1.0,0.0,5.0,850.0,87,87,WA 98115
310000.0,4.0,2.0,1870.0,6000.0,1.5,0.0,3.0,0.0,58,13,WA 98125
435000.0,2.0,1.0,1230.0,3800.0,1.0,0.0,3.0,0.0,86,60,WA 98115
253000.0,3.0,1.5,880.0,6600.0,1.0,0.0,5.0,0.0,69,69,WA 98178
554000.0,4.0,1.0,1120.0,7104.0,1.5,0.0,3.0,0.0,68,68,WA 98177
350000.0,3.0,2.0,1380.0,3600.0,3.0,0.0,3.0,0.0,1,91,WA 98122
1185001.0,3.0,2.75,2500.0,5568.0,2.0,0.0,5.0,0.0,109,109,WA 98112
430000.0,3.0,1.0,980.0,7200.0,1.0,0.0,4.0,0.0,64,31,WA 98116
936000.0,3.0,1.75,2960.0,12420.0,1.0,2.0,4.0,1480.0,62,62,WA 98116
350000.0,2.0,2.5,1260.0,1347.0,3.0,0.0,3.0,0.0,9,9,WA 98103
435000.0,3.0,2.25,1230.0,1238.0,2.0,0.0,3.0,150.0,5,5,WA 98199
475000.0,3.0,1.75,1700.0,8432.0,1.0,0.0,3.0,470.0,37,10,WA 98125
555000.0,3.0,1.75,2040.0,6000.0,1.0,0.0,5.0,920.0,56,56,WA 98116
384400.0,3.0,3.25,1689.0,1388.0,3.0,0.0,3.0,0.0,6,6,WA 98125
646000.0,5.0,2.75,2870.0,4461.0,1.0,0.0,3.0,1220.0,38,38,WA 98107
415000.0,3.0,1.75,1270.0,4800.0,1.0,0.0,3.0,0.0,62,0,WA 98126
545500.0,3.0,2.5,1560.0,9361.0,1.5,0.0,4.0,200.0,78,78,WA 98108
450000.0,3.0,1.75,1180.0,4080.0,1.0,0.0,4.0,420.0,86,86,WA 98117
650000.0,5.0,1.75,1260.0,4500.0,1.5,0.0,3.0,0.0,88,11,WA 98119
343566.0,2.0,1.0,1100.0,4200.0,1.0,0.0,3.0,0.0,60,9,WA 98136
190000.0,1.0,1.0,720.0,4800.0,1.0,0.0,3.0,0.0,100,18,WA 98118
175000.0,2.0,1.0,660.0,5000.0,1.0,0.0,3.0,0.0,99,99,WA 98106
175000.0,6.0,1.0,1370.0,5080.0,1.5,0.0,3.0,250.0,83,83,WA 98106
559000.0,2.0,1.0,1240.0,6400.0,1.0,1.0,4.0,180.0,76,76,WA 98126
240000.0,2.0,1.0,670.0,10920.0,1.0,0.0,3.0,0.0,72,15,WA 98146
300000.0,3.0,2.5,1700.0,3575.0,2.0,0.0,3.0,0.0,14,14,WA 98108
400000.0,3.0,1.75,1050.0,6150.0,1.5,0.0,4.0,100.0,86,86,WA 98116
855000.0,4.0,2.25,2190.0,4080.0,2.0,0.0,3.0,390.0,96,96,WA 98119
465000.0,3.0,1.75,1510.0,4800.0,1.0,2.0,3.0,650.0,89,3,WA 98126
515000.0,3.0,3.5,1360.0,1419.0,2.0,0.0,3.0,320.0,7,7,WA 98107
309000.0,3.0,2.25,1490.0,1294.0,2.0,0.0,3.0,270.0,4,4,WA 98106
485000.0,2.0,2.5,1430.0,923.0,3.0,0.0,3.0,20.0,6,6,WA 98103
482000.0,3.0,3.25,1380.0,1120.0,3.0,0.0,3.0,0.0,6,6,WA 98103
690000.0,3.0,3.25,1540.0,1428.0,3.0,0.0,3.0,0.0,1,91,WA 98103
576000.0,3.0,2.5,1940.0,9000.0,1.0,0.0,4.0,970.0,66,66,WA 98117
378750.0,3.0,2.5,2160.0,3000.0,1.5,0.0,3.0,900.0,105,3,WA 98118
405000.0,2.0,1.0,1260.0,4377.0,1.0,0.0,4.0,0.0,67,26,WA 98103
703000.0,3.0,2.0,1360.0,5980.0,1.5,0.0,3.0,0.0,69,6,WA 98116
464000.0,3.0,1.0,1320.0,3625.0,2.0,0.0,3.0,0.0,114,9,WA 98122
945000.0,2.0,2.5,2540.0,7089.0,2.0,0.0,3.0,0.0,10,11,WA 98116
1325000.0,4.0,2.5,2440.0,3600.0,2.5,0.0,4.0,0.0,112,112,WA 98119
799000.0,4.0,2.5,2590.0,7910.0,2.0,0.0,3.0,0.0,13,13,WA 98115
590300.0,3.0,1.5,1470.0,7200.0,2.0,0.0,4.0,0.0,107,107,WA 98118
506000.0,2.0,1.0,1570.0,8210.0,1.0,0.0,4.0,420.0,62,62,WA 98177
285000.0,3.0,1.0,1210.0,4731.0,1.5,0.0,3.0,0.0,113,113,WA 98117
311000.0,3.0,1.75,1900.0,3000.0,1.5,0.0,5.0,830.0,111,111,WA 98118
435000.0,3.0,1.75,1310.0,8065.0,1.0,0.0,4.0,0.0,66,66,WA 98117
1440000.0,3.0,3.5,3870.0,3819.0,2.0,0.0,3.0,1110.0,12,12,WA 98102
756000.0,4.0,2.25,2160.0,5600.0,1.0,0.0,5.0,1080.0,67,67,WA 98119
248000.0,4.0,2.0,2080.0,13510.0,1.0,0.0,3.0,1040.0,64,9,WA 98178
399888.0,4.0,2.25,1820.0,8255.0,1.5,0.0,4.0,500.0,84,84,WA 98133
899000.0,4.0,2.25,2370.0,6000.0,1.0,2.0,3.0,930.0,55,25,WA 98177
436000.0,2.0,1.0,790.0,6600.0,1.0,0.0,3.0,0.0,65,16,WA 98122
680000.0,6.0,2.0,1670.0,3000.0,1.0,0.0,5.0,770.0,103,30,WA 98105
549000.0,4.0,1.75,1290.0,3060.0,2.0,0.0,4.0,0.0,108,24,WA 98103
618250.0,4.0,3.25,2520.0,3360.0,1.5,0.0,4.0,970.0,83,83,WA 98115
499000.0,3.0,1.75,1840.0,5000.0,1.0,0.0,4.0,920.0,104,104,WA 98117
507000.0,3.0,2.5,2120.0,7201.0,2.0,0.0,3.0,0.0,11,11,WA 98133
646000.0,4.0,2.5,2310.0,4079.0,2.0,0.0,3.0,0.0,6,6,WA 98117
475000.0,3.0,2.5,950.0,1110.0,2.0,0.0,3.0,0.0,11,11,WA 98102
319950.0,2.0,1.0,920.0,8341.0,1.0,0.0,3.0,0.0,75,45,WA 98146
543000.0,3.0,2.25,1240.0,949.0,3.0,0.0,3.0,0.0,6,6,WA 98103
607500.0,3.0,3.25,1530.0,1612.0,3.0,0.0,3.0,0.0,8,8,WA 98107
395000.0,3.0,1.0,1500.0,4000.0,1.0,0.0,3.0,600.0,89,12,WA 98117
600000.0,2.0,1.0,1040.0,3600.0,1.0,0.0,4.0,0.0,95,34,WA 98112
450000.0,3.0,2.0,1430.0,3480.0,1.0,0.0,3.0,450.0,67,2,WA 98103
480000.0,4.0,1.0,2080.0,5500.0,1.0,0.0,3.0,1040.0,73,20,WA 98117
850000.0,3.0,2.25,2870.0,8170.0,2.0,0.0,3.0,620.0,19,19,WA 98136
380000.0,3.0,1.5,1520.0,4288.0,1.0,0.0,3.0,500.0,65,16,WA 98136
359950.0,3.0,2.25,1940.0,11612.0,1.0,0.0,4.0,840.0,33,33,WA 98178
665900.0,4.0,2.25,2870.0,5453.0,2.0,1.0,4.0,650.0,88,21,WA 98146
547000.0,5.0,2.5,2200.0,4080.0,1.5,0.0,5.0,780.0,98,98,WA 98103
640000.0,2.0,1.75,1760.0,4400.0,1.0,0.0,4.0,880.0,84,84,WA 98103
587206.0,3.0,3.5,1890.0,1710.0,2.0,0.0,3.0,250.0,15,15,WA 98103
511500.0,4.0,1.0,1360.0,6000.0,1.5,0.0,3.0,0.0,97,5,WA 98115
412000.0,2.0,1.0,1260.0,3960.0,1.0,0.0,3.0,570.0,89,12,WA 98117
400000.0,3.0,1.0,1430.0,10005.0,1.5,0.0,4.0,0.0,64,31,WA 98133
250000.0,1.0,1.0,800.0,16306.0,1.0,0.0,2.0,120.0,83,83,WA 98168
1300000.0,5.0,4.0,3366.0,7800.0,2.5,2.0,3.0,400.0,77,15,WA 98199
355000.0,4.0,2.5,2040.0,8265.0,2.0,0.0,3.0,0.0,18,18,WA 98146
915000.0,3.0,3.25,2660.0,4000.0,2.0,0.0,3.0,490.0,11,11,WA 98122
390000.0,3.0,1.0,1160.0,3750.0,1.5,0.0,3.0,0.0,104,8,WA 98106
482500.0,4.0,3.0,1630.0,7626.0,1.0,0.0,5.0,520.0,24,24,WA 98125
525000.0,3.0,2.25,1750.0,1879.0,3.0,0.0,3.0,0.0,13,13,WA 98107
725000.0,6.0,1.75,2380.0,4080.0,2.0,0.0,3.0,0.0,97,5,WA 98105
780000.0,3.0,2.25,2140.0,3000.0,2.0,0.0,3.0,0.0,109,8,WA 98103
325000.0,2.0,1.0,840.0,4239.0,1.0,0.0,3.0,0.0,66,20,WA 98136
489000.0,4.0,2.0,2120.0,11479.0,1.0,0.0,4.0,1060.0,74,13,WA 98125
625000.0,3.0,2.5,2440.0,4800.0,2.0,0.0,3.0,0.0,0,0,WA 98106
654000.0,3.0,3.25,1530.0,1565.0,2.0,0.0,3.0,250.0,9,9,WA 98122
375000.0,2.0,1.0,1230.0,1820.0,2.0,0.0,4.0,400.0,66,66,WA 98107
849000.0,4.0,2.0,2160.0,6300.0,1.5,1.0,4.0,0.0,86,86,WA 98116
442900.0,4.0,1.75,1780.0,2788.0,1.0,0.0,4.0,890.0,71,71,WA 98199
750000.0,3.0,1.75,2610.0,5544.0,1.5,0.0,3.0,930.0,80,36,WA 98117
565000.0,2.0,1.75,1330.0,6000.0,1.0,0.0,4.0,370.0,100,69,WA 98199
802000.0,3.0,1.75,2870.0,5000.0,1.5,0.0,4.0,1030.0,107,107,WA 98144
577000.0,3.0,2.5,2060.0,5750.0,1.0,0.0,3.0,730.0,38,38,WA 98116
690000.0,2.0,1.0,970.0,4560.0,1.0,0.0,4.0,0.0,107,107,WA 98103
430000.0,2.0,1.5,950.0,4625.0,1.0,0.0,4.0,0.0,65,29,WA 98103
775000.0,4.0,2.5,2300.0,6158.0,2.0,0.0,3.0,0.0,15,15,WA 98115
449000.0,4.0,2.5,1850.0,5040.0,1.0,0.0,3.0,620.0,84,1,WA 98126
420000.0,3.0,2.0,1200.0,5029.0,1.0,0.0,3.0,320.0,77,15,WA 98115
735000.0,4.0,2.25,2270.0,5102.0,1.0,0.0,5.0,930.0,60,60,WA 98199
286000.0,3.0,2.75,1100.0,750.0,2.0,0.0,3.0,320.0,6,6,WA 98106
579000.0,3.0,2.5,1640.0,1269.0,3.0,0.0,3.0,0.0,5,5,WA 98112
345100.0,3.0,3.75,1950.0,8625.0,1.0,0.0,3.0,590.0,55,25,WA 98178
649950.0,3.0,2.5,1500.0,1375.0,2.0,0.0,3.0,300.0,0,0,WA 98119
458500.0,3.0,2.0,1890.0,1599.0,2.0,0.0,3.0,460.0,2,102,WA 98136
500000.0,3.0,1.0,1150.0,5100.0,2.0,0.0,3.0,0.0,103,9,WA 98136
345000.0,3.0,1.0,1140.0,4200.0,2.0,0.0,4.0,0.0,110,110,WA 98144
399950.0,3.0,1.75,1560.0,5223.0,1.0,0.0,4.0,750.0,74,13,WA 98125
360000.0,4.0,1.5,1720.0,6417.0,1.0,0.0,3.0,0.0,61,61,WA 98125
234000.0,2.0,1.0,870.0,11100.0,1.0,0.0,3.0,0.0,74,18,WA 98146
490000.0,3.0,2.25,1470.0,2500.0,2.0,0.0,3.0,390.0,30,30,WA 98117
615000.0,5.0,2.0,2130.0,4180.0,1.5,0.0,5.0,860.0,88,88,WA 98116
396500.0,3.0,1.75,2390.0,7149.0,1.0,0.0,3.0,1040.0,59,9,WA 98125
405000.0,2.0,1.0,860.0,2599.0,1.0,0.0,4.0,0.0,113,113,WA 98107
265000.0,3.0,1.0,1620.0,9450.0,1.5,0.0,3.0,0.0,86,60,WA 98168
450000.0,4.0,1.75,2160.0,4333.0,1.0,0.0,4.0,900.0,72,32,WA 98117
471001.0,3.0,1.75,1800.0,6000.0,1.0,0.0,5.0,900.0,109,109,WA 98103
385000.0,3.0,3.25,1630.0,1677.0,3.0,0.0,3.0,0.0,7,7,WA 98133
335000.0,1.0,1.0,720.0,5100.0,1.0,0.0,3.0,0.0,107,31,WA 98117
1220000.0,4.0,3.75,3520.0,3944.0,1.5,0.0,5.0,1320.0,101,101,WA 98109
750000.0,3.0,2.0,1820.0,5000.0,1.5,0.0,4.0,100.0,73,16,WA 98116
569000.0,4.0,2.0,1730.0,3884.0,1.0,0.0,5.0,670.0,90,58,WA 98103
800000.0,4.0,3.0,3520.0,4895.0,1.0,0.0,3.0,1540.0,60,9,WA 98107
660000.0,3.0,3.25,1980.0,2850.0,3.0,0.0,3.0,0.0,27,14,WA 98103
685000.0,2.0,1.5,1300.0,1676.0,1.0,2.0,3.0,0.0,71,12,WA 98122
403500.0,3.0,1.0,1830.0,8004.0,1.0,0.0,3.0,630.0,54,2,WA 98125
405000.0,3.0,2.25,1520.0,1245.0,3.0,0.0,3.0,0.0,10,11,WA 98103
345000.0,3.0,1.5,1420.0,1192.0,2.0,0.0,3.0,280.0,6,6,WA 98144
160797.0,3.0,1.5,1270.0,2356.0,2.0,0.0,3.0,0.0,2,102,WA 98108
562500.0,3.0,2.25,1300.0,907.0,2.0,0.0,3.0,300.0,8,8,WA 98102
664950.0,5.0,3.0,3190.0,7081.0,1.0,2.0,3.0,1300.0,1,91,WA 98178
515000.0,5.0,3.25,2910.0,5027.0,2.0,0.0,3.0,870.0,1,91,WA 98106
670000.0,3.0,2.5,3310.0,5300.0,2.0,2.0,3.0,870.0,6,6,WA 98136
362500.0,2.0,1.5,940.0,1768.0,2.0,0.0,3.0,0.0,5,5,WA 98144
402101.0,2.0,0.75,1020.0,1350.0,2.0,0.0,3.0,0.0,5,5,WA 98144
438000.0,3.0,1.75,1520.0,6380.0,1.0,0.0,3.0,730.0,66,20,WA 98115
687500.0,4.0,1.75,2330.0,5000.0,1.5,0.0,4.0,820.0,85,85,WA 98117
880000.0,4.0,2.5,3030.0,3841.0,3.0,0.0,3.0,0.0,9,9,WA 98117
819000.0,3.0,3.5,2130.0,6150.0,2.0,2.0,5.0,600.0,106,106,WA 98199
530000.0,2.0,1.5,1580.0,3680.0,1.0,2.0,3.0,300.0,73,20,WA 98126
615000.0,2.0,1.0,1270.0,5000.0,1.0,0.0,3.0,180.0,65,16,WA 98117
660000.0,2.0,2.25,2550.0,6000.0,2.0,0.0,5.0,690.0,112,112,WA 98115
665000.0,6.0,2.75,2840.0,8346.0,1.0,0.0,5.0,1420.0,53,53,WA 98118
1157400.0,3.0,2.5,2740.0,5925.0,2.0,2.0,3.0,0.0,101,22,WA 98112
339000.0,4.0,2.0,2470.0,5080.0,1.5,0.0,3.0,500.0,66,26,WA 98106
615000.0,3.0,1.75,1720.0,4080.0,1.0,0.0,4.0,760.0,90,90,WA 98144
941000.0,4.0,1.75,2320.0,3825.0,1.5,0.0,5.0,500.0,88,88,WA 98105
485000.0,3.0,2.5,1500.0,5412.0,1.0,0.0,5.0,600.0,94,94,WA 98136
339000.0,3.0,1.0,1100.0,4128.0,1.0,0.0,4.0,380.0,72,32,WA 98126
455000.0,2.0,1.5,1200.0,1259.0,2.0,0.0,3.0,200.0,1,91,WA 98144
510000.0,3.0,2.25,1420.0,1309.0,3.0,0.0,3.0,0.0,8,8,WA 98103
230000.0,4.0,1.75,1850.0,6000.0,1.0,0.0,4.0,580.0,70,70,WA 98178
300000.0,2.0,1.0,750.0,5120.0,1.0,0.0,4.0,0.0,73,16,WA 98126
457500.0,3.0,2.25,1430.0,2003.0,2.0,0.0,3.0,450.0,18,18,WA 98144
343500.0,4.0,1.75,1760.0,6204.0,1.0,2.0,4.0,580.0,64,31,WA 98178
257500.0,2.0,2.0,1180.0,9265.0,1.0,0.0,3.0,0.0,74,18,WA 98125
317000.0,5.0,2.5,2360.0,11375.0,1.0,0.0,4.0,1180.0,52,52,WA 98178
970000.0,3.0,2.25,3060.0,9950.0,1.5,2.0,4.0,1250.0,84,84,WA 98144
683500.0,3.0,1.5,1820.0,5756.0,1.5,0.0,3.0,180.0,68,68,WA 98119
355000.0,2.0,2.25,930.0,747.0,2.0,0.0,3.0,300.0,7,7,WA 98144
395000.0,4.0,1.75,1540.0,5120.0,1.0,0.0,5.0,770.0,71,71,WA 98126
350000.0,2.0,1.0,740.0,7680.0,1.0,0.0,4.0,0.0,92,92,WA 98126
845000.0,3.0,2.0,2540.0,4750.0,1.5,0.0,5.0,700.0,84,84,WA 98117
850000.0,4.0,3.0,3330.0,4000.0,1.0,0.0,3.0,1540.0,56,10,WA 98103
329950.0,2.0,1.0,900.0,5220.0,1.0,0.0,4.0,0.0,58,58,WA 98146
425000.0,4.0,1.5,1600.0,6180.0,1.5,0.0,3.0,0.0,68,68,WA 98118
210000.0,2.0,1.0,970.0,5500.0,1.0,0.0,3.0,0.0,58,13,WA 98118
631500.0,2.0,1.0,1130.0,2640.0,1.0,0.0,4.0,0.0,87,87,WA 98109
295000.0,2.0,1.0,650.0,5400.0,1.0,0.0,3.0,0.0,64,9,WA 98122
575000.0,3.0,2.25,2400.0,5000.0,1.5,0.0,4.0,960.0,88,21,WA 98117
329445.0,2.0,1.5,830.0,1119.0,2.0,0.0,3.0,0.0,9,9,WA 98144
395000.0,3.0,2.5,1600.0,1936.0,2.0,0.0,3.0,0.0,7,7,WA 98108
890000.0,4.0,1.0,2550.0,4000.0,2.0,0.0,3.0,180.0,109,4,WA 98109
352000.0,4.0,1.0,1530.0,8890.0,1.0,0.0,3.0,550.0,89,12,WA 98106
800000.0,2.0,1.0,1740.0,5719.0,1.0,0.0,3.0,0.0,59,9,WA 98103
381500.0,2.0,1.0,900.0,2910.0,1.0,0.0,5.0,0.0,90,58,WA 98115
562100.0,2.0,0.75,1440.0,3700.0,1.0,0.0,3.0,240.0,100,18,WA 98107
750000.0,3.0,1.5,1840.0,5000.0,1.5,0.0,5.0,500.0,99,99,WA 98107
657000.0,4.0,2.5,2180.0,3375.0,1.5,0.0,4.0,760.0,88,21,WA 98117
575000.0,3.0,2.25,1700.0,3333.0,1.5,0.0,3.0,600.0,90,3,WA 98117
690500.0,5.0,2.0,2000.0,4211.0,1.5,2.0,4.0,720.0,106,106,WA 98112
500000.0,3.0,1.5,1190.0,4750.0,1.0,0.0,3.0,220.0,74,18,WA 98107
870000.0,4.0,2.75,2840.0,4000.0,1.5,0.0,5.0,880.0,102,102,WA 98144
275000.0,2.0,1.0,770.0,4840.0,1.0,0.0,4.0,0.0,87,87,WA 98126
645000.0,3.0,2.75,1850.0,16960.0,1.0,2.0,4.0,0.0,61,31,WA 98177
315000.0,4.0,2.0,1780.0,5336.0,1.5,0.0,5.0,850.0,96,96,WA 98178
310000.0,2.0,1.0,870.0,5400.0,1.0,0.0,3.0,0.0,64,7,WA 98126
265950.0,3.0,1.5,1150.0,8450.0,1.0,0.0,4.0,0.0,63,15,WA 98178
402000.0,4.0,2.25,2000.0,3672.0,2.0,0.0,5.0,350.0,88,88,WA 98117
305000.0,6.0,2.0,1900.0,8240.0,1.0,0.0,2.0,700.0,50,50,WA 98125
1355000.0,3.0,1.5,2680.0,4775.0,2.0,2.0,5.0,800.0,101,101,WA 98109
650000.0,4.0,2.75,1910.0,16532.0,1.0,0.0,4.0,490.0,74,13,WA 98117
270000.0,2.0,1.0,2060.0,8398.0,1.0,0.0,3.0,800.0,52,11,WA 98168
435000.0,2.0,1.0,1060.0,3036.0,1.5,0.0,4.0,0.0,71,71,WA 98105
594000.0,3.0,2.25,1270.0,1406.0,2.0,0.0,3.0,210.0,0,0,WA 98105
450000.0,4.0,2.75,2310.0,5650.0,1.0,2.0,3.0,980.0,62,2,WA 98118
760000.0,4.0,2.5,2760.0,6000.0,2.0,0.0,5.0,530.0,72,72,WA 98115
346500.0,2.0,1.75,1610.0,6300.0,1.0,0.0,3.0,600.0,73,20,WA 98108
1330000.0,3.0,1.5,1940.0,2885.0,1.5,2.0,3.0,0.0,114,9,WA 98119
640000.0,3.0,1.75,1620.0,6000.0,1.0,0.0,5.0,580.0,67,67,WA 98103
957000.0,5.0,3.25,3160.0,5000.0,2.0,2.0,3.0,980.0,9,9,WA 98199
680000.0,4.0,1.5,1880.0,6200.0,1.0,2.0,5.0,440.0,60,60,WA 98146
450000.0,2.0,1.0,1380.0,4390.0,1.0,0.0,4.0,500.0,83,83,WA 98115
595888.0,3.0,1.75,1870.0,9000.0,1.0,0.0,5.0,0.0,56,56,WA 98177
346500.0,3.0,1.0,1150.0,11802.0,1.0,0.0,4.0,0.0,82,56,WA 98106
519000.0,4.0,2.5,1950.0,2617.0,1.5,0.0,4.0,700.0,104,104,WA 98107
395000.0,2.0,2.25,1350.0,1493.0,2.0,0.0,3.0,300.0,7,7,WA 98136
364000.0,3.0,2.5,1800.0,2790.0,2.0,0.0,3.0,0.0,3,3,WA 98126
328423.0,3.0,2.5,1730.0,3600.0,2.0,0.0,3.0,0.0,0,0,WA 98146
425000.0,3.0,2.5,2320.0,2267.0,3.0,0.0,3.0,0.0,5,5,WA 98177
975000.0,5.0,3.0,2620.0,5477.0,2.0,0.0,3.0,0.0,5,5,WA 98115
937000.0,3.0,1.75,2450.0,2691.0,2.0,0.0,3.0,700.0,99,99,WA 98119
518500.0,3.0,3.5,1590.0,1102.0,3.0,0.0,3.0,0.0,4,4,WA 98103
415000.0,3.0,1.0,1170.0,6700.0,1.0,0.0,3.0,0.0,57,14,WA 98125
357250.0,3.0,1.5,1400.0,8840.0,1.0,0.0,4.0,0.0,62,62,WA 98125
725000.0,6.0,3.0,3110.0,5000.0,1.5,0.0,5.0,1300.0,93,93,WA 98103
670000.0,3.0,1.5,1490.0,4400.0,1.5,0.0,4.0,0.0,108,24,WA 98122
440000.0,4.0,1.5,1770.0,5750.0,2.0,0.0,3.0,0.0,67,2,WA 98116
320000.0,2.0,1.0,950.0,5316.0,1.0,2.0,3.0,0.0,66,20,WA 98126
690000.0,5.0,3.5,2720.0,7598.0,2.0,0.0,3.0,860.0,21,21,WA 98115
805000.0,3.0,2.75,2600.0,5875.0,1.5,2.0,5.0,1000.0,85,85,WA 98116
446000.0,2.0,1.5,1370.0,1221.0,2.0,0.0,3.0,290.0,6,6,WA 98122
402000.0,2.0,1.0,620.0,2475.0,1.0,0.0,5.0,0.0,103,30,WA 98107
270000.0,4.0,2.25,2600.0,9900.0,1.0,0.0,3.0,1000.0,49,21,WA 98178
755000.0,4.0,2.75,2880.0,4000.0,1.5,0.0,3.0,780.0,102,14,WA 98144
1145000.0,3.0,2.5,2490.0,4000.0,2.0,0.0,5.0,820.0,96,96,WA 98109
450000.0,2.0,1.75,840.0,3340.0,1.0,0.0,3.0,140.0,102,20,WA 98107
339000.0,2.0,1.0,950.0,7954.0,1.0,0.0,4.0,0.0,73,16,WA 98108
815000.0,4.0,2.75,2620.0,4743.0,1.0,2.0,4.0,1310.0,65,29,WA 98117
638000.0,3.0,2.0,1660.0,3729.0,1.0,0.0,5.0,690.0,92,58,WA 98116
750000.0,4.0,2.75,1750.0,5080.0,1.5,0.0,3.0,0.0,111,9,WA 98122
626000.0,3.0,1.75,2430.0,5000.0,2.0,0.0,4.0,670.0,69,69,WA 98117
440000.0,3.0,1.5,2120.0,6290.0,1.0,0.0,4.0,900.0,65,29,WA 98108
900000.0,4.0,3.5,3370.0,5000.0,2.0,2.0,3.0,900.0,6,6,WA 98126
471000.0,2.0,1.75,1240.0,6417.0,1.0,0.0,5.0,0.0,90,58,WA 98126
663000.0,3.0,2.0,1480.0,3876.0,1.0,0.0,5.0,620.0,86,44,WA 98117
240000.0,4.0,1.0,1200.0,2171.0,1.5,0.0,3.0,0.0,81,81,WA 98133
390000.0,3.0,3.25,1370.0,913.0,2.0,0.0,3.0,270.0,8,8,WA 98116
665000.0,2.0,1.0,1110.0,3200.0,1.0,0.0,3.0,0.0,89,12,WA 98119
672500.0,3.0,2.25,2400.0,5300.0,1.5,0.0,4.0,1150.0,75,25,WA 98117
417000.0,4.0,2.25,2300.0,7700.0,1.0,0.0,3.0,920.0,55,25,WA 98125
700000.0,3.0,2.5,1660.0,1545.0,2.0,2.0,3.0,260.0,12,12,WA 98109
561500.0,3.0,1.75,1960.0,6380.0,1.0,0.0,4.0,980.0,75,25,WA 98115
447000.0,2.0,1.0,1320.0,8380.0,1.0,0.0,3.0,0.0,61,61,WA 98177
212700.0,2.0,1.0,940.0,5040.0,1.0,0.0,3.0,0.0,88,11,WA 98126
260000.0,2.0,1.0,700.0,4800.0,1.0,0.0,3.0,0.0,92,6,WA 98122
430000.0,2.0,1.0,1050.0,2570.0,1.0,0.0,5.0,200.0,87,87,WA 98117
221000.0,3.0,1.0,910.0,8789.0,1.0,0.0,3.0,0.0,48,51,WA 98148
500000.0,4.0,1.0,1440.0,7100.0,1.5,0.0,3.0,0.0,108,0,WA 98107
191000.0,2.0,1.0,900.0,3400.0,1.0,0.0,5.0,0.0,109,109,WA 98108
315000.0,6.0,4.0,3120.0,4240.0,2.0,2.0,4.0,1030.0,21,21,WA 98106
415000.0,3.0,2.5,1060.0,1536.0,2.0,0.0,3.0,0.0,14,14,WA 98117
523460.0,5.0,1.75,1890.0,5000.0,1.5,0.0,3.0,800.0,108,0,WA 98107
710000.0,2.0,1.5,1640.0,4080.0,1.5,0.0,5.0,100.0,98,98,WA 98105
480000.0,2.0,1.0,1500.0,3420.0,1.0,0.0,3.0,0.0,112,112,WA 98103
397000.0,5.0,1.0,1170.0,6757.0,1.0,0.0,4.0,370.0,70,70,WA 98125
718500.0,3.0,1.5,1200.0,6240.0,1.0,0.0,3.0,170.0,62,6,WA 98112
195000.0,2.0,1.0,1020.0,8100.0,1.0,0.0,3.0,0.0,74,18,WA 98168
295000.0,1.0,1.0,700.0,2500.0,1.0,0.0,4.0,0.0,107,107,WA 98106
504200.0,2.0,1.5,1200.0,1687.0,3.0,0.0,3.0,0.0,6,6,WA 98103
589500.0,3.0,3.25,2310.0,3075.0,2.0,0.0,3.0,580.0,9,9,WA 98116
735000.0,3.0,2.25,1490.0,1212.0,2.0,0.0,3.0,450.0,3,3,WA 98112
235000.0,1.0,1.5,1170.0,1456.0,2.0,0.0,3.0,100.0,7,7,WA 98126
229800.0,2.0,1.75,1110.0,1773.0,2.0,0.0,3.0,0.0,0,0,WA 98108
516500.0,1.0,1.25,1100.0,638.0,3.0,0.0,3.0,0.0,0,0,WA 98112
470000.0,3.0,1.5,1500.0,5000.0,1.5,0.0,4.0,360.0,87,87,WA 98117
650000.0,2.0,1.0,1050.0,2542.0,1.0,0.0,3.0,170.0,110,110,WA 98122
585000.0,5.0,2.5,2670.0,16777.0,1.5,0.0,4.0,1050.0,94,94,WA 98125
475000.0,3.0,2.5,1700.0,9100.0,1.0,0.0,3.0,540.0,16,8,WA 98126
397000.0,3.0,3.5,1360.0,1275.0,2.0,0.0,3.0,120.0,7,7,WA 98144
325000.0,5.0,2.75,2130.0,6222.0,1.0,0.0,3.0,830.0,23,23,WA 98118
1200000.0,4.0,2.0,2120.0,3360.0,2.0,0.0,3.0,0.0,109,4,WA 98112
410000.0,1.0,1.5,1010.0,5750.0,1.0,0.0,3.0,0.0,103,66,WA 98136
1165000.0,3.0,3.0,3790.0,5001.0,2.0,0.0,3.0,980.0,25,25,WA 98122
669500.0,4.0,2.25,2500.0,4046.0,1.5,0.0,4.0,980.0,74,13,WA 98117
491950.0,3.0,2.25,2090.0,10733.0,1.0,0.0,3.0,650.0,56,10,WA 98115
535000.0,3.0,1.0,1580.0,6300.0,1.0,0.0,3.0,400.0,89,12,WA 98199
490000.0,4.0,3.0,2330.0,3497.0,2.0,0.0,3.0,410.0,11,11,WA 98108
345000.0,2.0,1.0,970.0,5750.0,1.0,0.0,4.0,0.0,82,56,WA 98126
441000.0,2.0,1.5,1190.0,3400.0,1.0,0.0,3.0,200.0,95,13,WA 98115
406500.0,2.0,1.0,870.0,5750.0,1.0,0.0,4.0,0.0,67,26,WA 98116
408000.0,5.0,3.25,2820.0,6589.0,1.5,0.0,3.0,500.0,108,0,WA 98118
875000.0,4.0,1.5,1800.0,3245.0,1.5,0.0,4.0,0.0,85,85,WA 98103
308000.0,3.0,1.0,1010.0,8800.0,1.0,0.0,4.0,0.0,60,35,WA 98118
880000.0,4.0,2.75,3220.0,4392.0,1.5,0.0,4.0,900.0,83,83,WA 98105
255000.0,2.0,1.0,1320.0,9967.0,1.0,0.0,3.0,380.0,95,13,WA 98108
850000.0,3.0,2.5,2650.0,2387.0,2.0,0.0,3.0,820.0,94,35,WA 98119
265000.0,2.0,2.0,1860.0,10856.0,1.0,0.0,3.0,600.0,62,6,WA 98178
972000.0,4.0,1.75,2010.0,6300.0,1.0,2.0,5.0,400.0,77,77,WA 98199
544000.0,3.0,2.5,1460.0,1613.0,2.0,0.0,3.0,280.0,7,7,WA 98117
427500.0,2.0,2.0,1090.0,934.0,3.0,0.0,3.0,0.0,6,6,WA 98109
435000.0,4.0,2.0,1880.0,3840.0,1.0,0.0,3.0,910.0,110,110,WA 98144
765000.0,5.0,3.0,2870.0,5700.0,1.0,0.0,3.0,920.0,50,14,WA 98103
457000.0,3.0,2.5,1220.0,1330.0,2.0,0.0,3.0,210.0,6,6,WA 98117
349500.0,3.0,2.0,1270.0,3600.0,1.0,0.0,3.0,0.0,51,6,WA 98122
1198000.0,4.0,3.5,3400.0,3850.0,2.5,0.0,3.0,610.0,6,6,WA 98112
330000.0,3.0,2.5,1680.0,11312.0,1.0,0.0,3.0,600.0,55,25,WA 98146
500000.0,2.0,1.0,950.0,4500.0,1.0,2.0,3.0,100.0,88,11,WA 98103
691500.0,4.0,2.5,2600.0,7200.0,2.0,0.0,3.0,0.0,52,12,WA 98115
459500.0,2.0,1.0,1250.0,3825.0,1.0,0.0,3.0,400.0,85,85,WA 98117
955500.0,4.0,1.75,2130.0,5080.0,1.5,0.0,3.0,0.0,100,21,WA 98119
1297000.0,6.0,2.75,2630.0,9420.0,2.0,0.0,5.0,120.0,114,114,WA 98103
616000.0,4.0,1.75,1700.0,5846.0,1.0,0.0,3.0,0.0,57,14,WA 98199
345000.0,2.0,1.0,1080.0,7775.0,1.0,0.0,3.0,0.0,59,9,WA 98136
370000.0,2.0,1.0,860.0,6050.0,1.0,0.0,3.0,0.0,62,6,WA 98116
1080000.0,3.0,2.75,3890.0,7216.0,2.0,1.0,3.0,630.0,47,4,WA 98118
337000.0,3.0,2.25,1460.0,941.0,3.0,0.0,3.0,0.0,8,8,WA 98133
563000.0,4.0,1.0,1410.0,3376.0,1.5,0.0,5.0,0.0,103,30,WA 98107
245000.0,3.0,2.0,1190.0,4072.0,1.5,0.0,5.0,0.0,107,107,WA 98118
590000.0,3.0,2.0,1410.0,6413.0,1.0,0.0,4.0,500.0,67,26,WA 98115
695000.0,3.0,2.0,2500.0,4080.0,1.5,0.0,5.0,820.0,92,58,WA 98103
402500.0,2.0,1.0,800.0,2280.0,1.0,0.0,5.0,0.0,68,68,WA 98107
600000.0,5.0,2.25,2980.0,7781.0,1.0,0.0,3.0,1400.0,54,2,WA 98125
1110000.0,5.0,3.25,3350.0,4000.0,2.0,0.0,4.0,840.0,17,17,WA 98105
332888.0,2.0,2.5,1050.0,1029.0,2.0,0.0,3.0,100.0,7,7,WA 98122
515000.0,2.0,1.0,1050.0,5000.0,1.0,0.0,5.0,0.0,107,107,WA 98107
485000.0,4.0,1.75,1430.0,4096.0,2.0,0.0,3.0,0.0,114,9,WA 98122
102500.0,2.0,1.0,820.0,4320.0,1.0,0.0,3.0,0.0,77,15,WA 98106
600000.0,2.0,1.0,910.0,2002.0,1.5,0.0,3.0,0.0,114,9,WA 98112
406000.0,4.0,1.0,1580.0,8475.0,1.5,2.0,4.0,0.0,86,86,WA 98178
620000.0,4.0,3.0,2130.0,6325.0,1.0,0.0,5.0,690.0,66,29,WA 98116
725000.0,3.0,1.75,1860.0,6000.0,2.0,2.0,4.0,0.0,55,55,WA 98144
276000.0,1.0,0.75,370.0,1801.0,1.0,0.0,5.0,0.0,91,91,WA 98117
433000.0,4.0,1.5,1550.0,5053.0,1.0,0.0,4.0,370.0,51,51,WA 98118
581000.0,4.0,1.0,1630.0,2566.0,1.5,0.0,3.0,0.0,93,14,WA 98122
952500.0,4.0,1.5,2550.0,5055.0,2.0,0.0,4.0,0.0,104,104,WA 98112
476000.0,4.0,3.0,2890.0,6885.0,1.0,0.0,3.0,1300.0,69,1,WA 98115
535000.0,4.0,1.75,1420.0,5000.0,1.5,0.0,4.0,0.0,69,69,WA 98117
640000.0,2.0,2.25,1540.0,965.0,3.0,0.0,3.0,0.0,7,7,WA 98122
460000.0,3.0,2.5,1450.0,1053.0,2.0,0.0,3.0,510.0,6,6,WA 98107
525000.0,2.0,2.5,1160.0,1458.0,2.0,0.0,3.0,120.0,2,102,WA 98119
512031.0,3.0,1.75,1540.0,3000.0,1.0,2.0,3.0,770.0,94,35,WA 98117
310000.0,2.0,1.0,700.0,3000.0,1.0,0.0,4.0,0.0,96,40,WA 98103
1075000.0,3.0,2.5,3280.0,10302.0,1.0,0.0,3.0,1600.0,44,0,WA 98115
255000.0,4.0,2.0,2430.0,8960.0,1.0,0.0,3.0,1000.0,54,2,WA 98178
895000.0,4.0,2.25,1950.0,5950.0,1.0,0.0,3.0,620.0,67,2,WA 98109
580000.0,3.0,2.25,1900.0,3960.0,1.5,0.0,3.0,700.0,109,4,WA 98122
480000.0,3.0,2.0,1470.0,10052.0,1.0,0.0,4.0,0.0,58,58,WA 98125
185000.0,5.0,1.0,1590.0,6700.0,1.5,0.0,3.0,500.0,72,15,WA 98146
690000.0,3.0,1.5,1760.0,4000.0,2.0,0.0,3.0,0.0,92,6,WA 98102
540000.0,3.0,2.25,1320.0,1800.0,2.0,0.0,3.0,0.0,20,20,WA 98122
860000.0,4.0,1.75,1880.0,3720.0,1.5,0.0,4.0,0.0,90,90,WA 98109
389000.0,4.0,1.75,2400.0,7700.0,1.5,0.0,4.0,900.0,87,87,WA 98133
645000.0,3.0,1.75,2270.0,11472.0,1.0,0.0,4.0,900.0,58,58,WA 98177
550000.0,4.0,2.75,2160.0,5005.0,1.0,0.0,3.0,730.0,27,14,WA 98115
782000.0,2.0,1.5,1570.0,3600.0,1.5,2.0,4.0,250.0,108,24,WA 98119
545000.0,3.0,2.0,1340.0,7200.0,1.5,0.0,4.0,0.0,91,91,WA 98118
723000.0,4.0,2.25,2430.0,4748.0,1.5,0.0,3.0,800.0,86,60,WA 98116
496000.0,2.0,1.0,900.0,9260.0,1.0,0.0,3.0,0.0,68,68,WA 98107
625000.0,3.0,3.0,1820.0,1641.0,3.0,0.0,3.0,280.0,8,8,WA 98119
475000.0,4.0,2.0,2100.0,13468.0,1.0,0.0,5.0,1050.0,52,52,WA 98125
660500.0,5.0,2.5,2950.0,5500.0,1.5,0.0,5.0,1230.0,96,96,WA 98144
262000.0,5.0,1.0,1870.0,7800.0,1.0,0.0,3.0,290.0,52,11,WA 98168
736000.0,2.0,1.0,1500.0,4000.0,1.0,0.0,3.0,400.0,81,81,WA 98109
1054690.0,4.0,3.5,3390.0,3979.0,2.0,0.0,3.0,780.0,0,0,WA 98199
334500.0,2.0,1.5,830.0,1858.0,2.0,0.0,3.0,0.0,9,9,WA 98144
265050.0,2.0,1.5,800.0,2119.0,2.0,0.0,3.0,0.0,6,6,WA 98106
445838.0,3.0,2.5,2250.0,5692.0,2.0,0.0,3.0,0.0,14,14,WA 98146
575000.0,3.0,1.75,1530.0,6743.0,1.0,0.0,3.0,120.0,59,9,WA 98116
850000.0,3.0,2.5,3230.0,5000.0,2.0,2.0,5.0,800.0,69,69,WA 98117
1015000.0,3.0,3.25,3620.0,4000.0,2.0,0.0,3.0,890.0,9,9,WA 98199
588000.0,5.0,3.0,2190.0,4900.0,2.0,0.0,5.0,700.0,74,74,WA 98117
529950.0,3.0,1.0,1240.0,5000.0,1.5,0.0,5.0,0.0,105,26,WA 98107
554729.0,4.0,2.5,2020.0,4350.0,2.0,0.0,5.0,290.0,71,71,WA 98199
341000.0,3.0,1.0,1390.0,4814.0,1.5,0.0,3.0,0.0,106,26,WA 98115
430000.0,3.0,1.5,1810.0,5080.0,1.0,0.0,3.0,780.0,56,10,WA 98115
220000.0,4.0,1.0,1200.0,6000.0,1.5,0.0,3.0,0.0,91,16,WA 98106
405500.0,2.0,2.75,1350.0,1252.0,2.0,0.0,3.0,230.0,8,8,WA 98136
255000.0,2.0,1.5,920.0,1598.0,2.0,0.0,3.0,0.0,19,19,WA 98133
370000.0,2.0,1.0,860.0,5040.0,1.0,0.0,3.0,0.0,58,13,WA 98117
439990.0,3.0,2.5,1930.0,1348.0,2.0,0.0,3.0,630.0,9,9,WA 98199
609000.0,3.0,1.75,1630.0,1526.0,3.0,0.0,3.0,0.0,0,0,WA 98103
425000.0,3.0,1.5,1400.0,1022.0,3.0,0.0,3.0,0.0,7,7,WA 98115
1200000.0,4.0,2.5,2700.0,4275.0,2.0,0.0,3.0,0.0,10,11,WA 98115
671000.0,4.0,3.0,3130.0,5700.0,1.5,0.0,3.0,1380.0,61,61,WA 98115
459500.0,3.0,1.75,1470.0,4950.0,1.0,0.0,3.0,440.0,30,30,WA 98133
499000.0,3.0,2.5,1540.0,1326.0,3.0,0.0,3.0,150.0,19,19,WA 98119
382500.0,2.0,1.0,1190.0,4440.0,1.0,0.0,3.0,0.0,33,1,WA 98125
530000.0,3.0,1.75,1320.0,2500.0,1.0,0.0,3.0,450.0,96,96,WA 98105
548800.0,4.0,1.0,1660.0,4704.0,1.5,0.0,3.0,400.0,84,17,WA 98115
588000.0,3.0,2.0,1860.0,4777.0,2.0,0.0,5.0,0.0,106,106,WA 98115
445000.0,2.0,2.0,1240.0,2500.0,2.0,0.0,3.0,0.0,29,29,WA 98117
300000.0,3.0,1.0,930.0,5160.0,1.5,0.0,5.0,0.0,95,80,WA 98106
527000.0,6.0,3.5,3000.0,8401.0,1.0,0.0,3.0,1500.0,35,0,WA 98125
335950.0,2.0,1.5,800.0,5192.0,1.0,0.0,5.0,0.0,63,63,WA 98146
295000.0,3.0,1.5,1640.0,7222.0,2.0,0.0,4.0,0.0,106,106,WA 98108
780000.0,4.0,2.0,2600.0,4800.0,1.0,2.0,3.0,1200.0,61,61,WA 98119
437500.0,3.0,2.0,1490.0,4800.0,2.0,0.0,5.0,0.0,66,29,WA 98117
443000.0,5.0,1.75,1650.0,3000.0,1.5,0.0,3.0,0.0,112,112,WA 98144
245000.0,2.0,1.0,1500.0,6685.0,1.0,0.0,3.0,310.0,88,11,WA 98133
536000.0,2.0,1.5,1130.0,746.0,2.0,0.0,3.0,100.0,5,5,WA 98107
558000.0,2.0,2.0,1580.0,5750.0,1.0,0.0,5.0,790.0,104,104,WA 98116
631500.0,4.0,2.0,2530.0,5650.0,1.5,0.0,4.0,620.0,104,104,WA 98116
1450000.0,4.0,3.25,3770.0,4103.0,2.0,0.0,5.0,1060.0,89,89,WA 98109
500000.0,3.0,2.5,1720.0,3012.0,2.0,0.0,3.0,0.0,3,3,WA 98133
378000.0,3.0,2.5,1601.0,2491.0,3.0,0.0,3.0,65.0,7,7,WA 98125
505000.0,2.0,2.25,1060.0,1209.0,2.0,0.0,3.0,120.0,8,8,WA 98102
510000.0,3.0,2.5,1420.0,1237.0,3.0,0.0,3.0,0.0,0,0,WA 98107
1300000.0,4.0,2.25,2360.0,4000.0,2.0,0.0,3.0,0.0,1,91,WA 98112
374000.0,2.0,1.5,1260.0,1575.0,2.0,0.0,3.0,0.0,13,13,WA 98144
230000.0,3.0,1.75,1140.0,1201.0,2.0,0.0,3.0,0.0,0,0,WA 98108
438000.0,2.0,2.0,1270.0,1372.0,3.0,0.0,3.0,0.0,14,14,WA 98115
315000.0,2.0,1.0,1080.0,2674.0,1.0,0.0,4.0,360.0,95,29,WA 98108
780000.0,2.0,2.5,2560.0,2500.0,2.0,0.0,5.0,870.0,113,113,WA 98112
480000.0,2.0,1.0,1060.0,3040.0,1.0,0.0,3.0,200.0,90,3,WA 98103
330000.0,3.0,2.25,2220.0,4060.0,1.0,0.0,3.0,890.0,21,21,WA 98118
326500.0,3.0,1.0,1060.0,7920.0,1.0,0.0,4.0,0.0,46,46,WA 98106
267000.0,3.0,1.0,1400.0,8100.0,1.5,0.0,3.0,0.0,70,70,WA 98125
362000.0,5.0,3.0,1810.0,3000.0,2.0,0.0,3.0,0.0,16,8,WA 98118
371500.0,3.0,1.0,1650.0,6400.0,1.0,0.0,4.0,670.0,60,35,WA 98106
368000.0,4.0,1.75,2100.0,11942.0,1.0,0.0,3.0,1070.0,50,14,WA 98106
427550.0,2.0,1.0,880.0,4000.0,1.0,0.0,3.0,0.0,74,18,WA 98117
235000.0,2.0,1.0,1020.0,7920.0,1.0,0.0,3.0,0.0,75,45,WA 98108
210000.0,3.0,2.0,960.0,9380.0,1.0,0.0,3.0,0.0,65,16,WA 98146
485000.0,4.0,2.25,1900.0,7200.0,1.0,0.0,3.0,530.0,37,10,WA 98146
410000.0,3.0,2.0,1320.0,6000.0,1.5,0.0,4.0,0.0,94,94,WA 98144
435000.0,4.0,2.75,2230.0,9640.0,1.0,0.0,3.0,910.0,16,8,WA 98125
210000.0,3.0,1.0,1070.0,8179.0,1.0,0.0,3.0,0.0,65,16,WA 98146
1050000.0,4.0,2.75,2250.0,3433.0,1.5,0.0,3.0,750.0,87,1,WA 98112
613000.0,2.0,2.0,1170.0,1890.0,1.5,1.0,4.0,0.0,87,87,WA 98119
165000.0,1.0,1.0,850.0,8050.0,1.0,0.0,2.0,0.0,108,108,WA 98118
430000.0,3.0,2.0,1550.0,6039.0,1.0,0.0,5.0,720.0,72,72,WA 98126
1195000.0,4.0,3.5,3960.0,6654.0,2.0,0.0,3.0,1110.0,8,8,WA 98199
201500.0,3.0,1.0,1320.0,5000.0,1.5,0.0,3.0,0.0,102,20,WA 98116
325000.0,2.0,1.0,800.0,7260.0,1.0,0.0,3.0,0.0,61,61,WA 98126
890000.0,4.0,2.75,2310.0,4020.0,3.0,0.0,5.0,0.0,35,35,WA 98122
970000.0,5.0,2.75,3500.0,5040.0,2.0,2.0,3.0,550.0,87,7,WA 98126
399500.0,4.0,1.75,1360.0,4840.0,1.5,0.0,4.0,0.0,86,86,WA 98126
1205000.0,4.0,3.5,3150.0,5500.0,2.0,0.0,3.0,0.0,0,0,WA 98105
325000.0,2.0,1.0,810.0,4080.0,1.0,0.0,4.0,0.0,73,16,WA 98126
517000.0,2.0,1.5,1920.0,3408.0,1.0,0.0,4.0,960.0,102,25,WA 98122
148000.0,2.0,1.0,630.0,4200.0,1.0,0.0,3.0,0.0,84,17,WA 98106
405000.0,3.0,1.5,1010.0,7683.0,1.5,0.0,5.0,0.0,61,61,WA 98125
674600.0,4.0,2.5,2610.0,5140.0,2.0,0.0,3.0,0.0,8,8,WA 98103
320000.0,3.0,3.25,1450.0,1387.0,2.0,0.0,3.0,270.0,1,91,WA 98106
399950.0,5.0,2.75,1970.0,5400.0,1.0,0.0,3.0,650.0,28,28,WA 98144
284000.0,4.0,1.75,1880.0,8800.0,1.0,0.0,3.0,750.0,54,2,WA 98168
737500.0,3.0,1.75,2320.0,10900.0,2.0,0.0,3.0,0.0,79,40,WA 98115
569000.0,3.0,3.25,2220.0,8227.0,1.5,0.0,5.0,450.0,85,85,WA 98108
700000.0,3.0,1.0,1410.0,7200.0,2.0,0.0,4.0,0.0,113,113,WA 98144
660000.0,3.0,1.0,1240.0,3500.0,1.0,0.0,4.0,0.0,87,87,WA 98103
226550.0,3.0,1.0,990.0,4440.0,1.0,0.0,3.0,0.0,71,12,WA 98106
275000.0,3.0,1.0,1200.0,7800.0,1.0,0.0,4.0,0.0,60,35,WA 98126
679000.0,4.0,2.75,2100.0,4480.0,1.5,0.0,4.0,320.0,86,86,WA 98105
410000.0,3.0,1.75,1660.0,6250.0,1.0,0.0,3.0,830.0,34,34,WA 98116
425000.0,2.0,1.0,1320.0,8830.0,1.0,0.0,3.0,300.0,75,45,WA 98199
840000.0,3.0,2.0,2783.0,11177.0,2.0,0.0,3.0,0.0,104,15,WA 98126
599950.0,3.0,3.25,1830.0,1804.0,3.0,0.0,3.0,0.0,0,0,WA 98117
299880.0,3.0,2.5,1460.0,3044.0,2.0,0.0,3.0,0.0,14,14,WA 98108
680000.0,3.0,2.0,1780.0,5720.0,1.0,0.0,5.0,800.0,89,89,WA 98103
335500.0,3.0,1.0,1370.0,6780.0,2.0,0.0,3.0,0.0,84,17,WA 98125
321500.0,1.0,1.0,730.0,1942.0,1.0,0.0,3.0,0.0,6,6,WA 98144
759000.0,4.0,1.75,2100.0,4750.0,1.0,0.0,3.0,760.0,39,39,WA 98103
300000.0,4.0,1.75,1820.0,5015.0,1.0,0.0,4.0,630.0,88,21,WA 98108
359000.0,3.0,1.5,1550.0,4980.0,1.0,0.0,3.0,470.0,36,36,WA 98133
550000.0,4.0,1.0,1440.0,3600.0,1.5,0.0,4.0,0.0,90,90,WA 98116
395000.0,2.0,1.0,930.0,6380.0,1.0,0.0,4.0,0.0,74,13,WA 98115
380000.0,2.0,1.0,780.0,3910.0,1.0,0.0,3.0,0.0,96,96,WA 98126
625000.0,4.0,1.0,1600.0,5500.0,1.5,0.0,4.0,0.0,68,25,WA 98117
900000.0,4.0,2.5,2230.0,4372.0,2.0,0.0,5.0,690.0,79,79,WA 98103
580000.0,3.0,1.75,1850.0,5100.0,1.0,0.0,3.0,830.0,105,10,WA 98105
749000.0,4.0,2.75,2700.0,6000.0,2.0,0.0,4.0,600.0,104,104,WA 98116
595000.0,4.0,3.25,3730.0,4560.0,2.0,0.0,3.0,970.0,1,91,WA 98103
487000.0,4.0,2.5,2540.0,5001.0,2.0,0.0,3.0,0.0,9,9,WA 98108
374950.0,3.0,2.25,1390.0,1484.0,3.0,0.0,3.0,0.0,7,7,WA 98103
440000.0,3.0,1.5,1270.0,1413.0,3.0,0.0,3.0,0.0,7,7,WA 98115
775000.0,6.0,2.75,2980.0,5000.0,1.5,0.0,3.0,500.0,98,28,WA 98103
725000.0,2.0,1.75,1950.0,2719.0,1.0,0.0,5.0,940.0,95,80,WA 98103
350000.0,4.0,1.0,1170.0,8147.0,1.5,0.0,3.0,0.0,55,25,WA 98125
639000.0,4.0,2.0,1840.0,5419.0,1.0,0.0,4.0,920.0,72,32,WA 98199
800000.0,3.0,2.75,2220.0,4000.0,2.0,0.0,3.0,520.0,100,14,WA 98122
279000.0,2.0,1.0,670.0,6300.0,1.0,0.0,5.0,0.0,72,72,WA 98126
880000.0,6.0,2.5,2640.0,3680.0,2.0,0.0,5.0,880.0,92,58,WA 98126
436110.0,3.0,2.5,1770.0,1235.0,3.0,0.0,3.0,170.0,7,7,WA 98103
620000.0,3.0,1.5,1620.0,6630.0,1.0,0.0,3.0,340.0,60,9,WA 98117
254000.0,4.0,2.0,1510.0,4235.0,1.0,0.0,3.0,0.0,59,9,WA 98108
205425.0,2.0,1.75,880.0,6780.0,1.0,0.0,4.0,0.0,69,69,WA 98178
505000.0,3.0,2.25,1670.0,1596.0,2.0,0.0,3.0,450.0,12,12,WA 98199
670000.0,3.0,2.5,2700.0,1438.0,2.0,0.0,3.0,1420.0,11,11,WA 98102
202000.0,1.0,1.0,590.0,833.0,1.0,0.0,4.0,0.0,88,21,WA 98122
291000.0,3.0,1.75,1560.0,9788.0,1.0,0.0,3.0,0.0,50,14,WA 98178
744312.5,4.0,2.5,2800.0,5900.0,1.0,0.0,3.0,1140.0,51,6,WA 98115
439333.333333,3.0,3.5,3020.0,4082.0,2.0,0.0,3.0,940.0,60,10,WA 98199
330000.0,3.0,3.0,1680.0,1570.0,3.0,0.0,3.0,0.0,0,0,WA 98103
554250.0,3.0,2.5,1490.0,1709.0,3.0,0.0,3.0,0.0,10,11,WA 98125
300000.0,3.0,2.0,1510.0,7066.0,1.0,2.0,3.0,280.0,41,1,WA 98125
274750.0,4.0,2.5,1840.0,1562.0,2.0,0.0,3.0,440.0,10,11,WA 98106
148612.5,3.0,1.0,1040.0,5000.0,1.0,0.0,3.0,0.0,55,25,WA 98146
326428.571429,3.0,1.0,1250.0,4800.0,1.0,0.0,4.0,0.0,63,15,WA 98126
135333.333333,4.0,1.0,1530.0,7200.0,1.5,0.0,3.0,130.0,66,20,WA 98178
577437.5,4.0,2.5,2110.0,3750.0,2.0,0.0,3.0,0.0,14,14,WA 98117
440825.0,3.0,1.75,2150.0,4333.0,1.0,0.0,3.0,950.0,58,13,WA 98136
193000.0,3.0,1.5,2200.0,5000.0,1.5,0.0,3.0,0.0,82,82,WA 98199
266066.666667,4.0,1.0,1310.0,5200.0,1.5,0.0,3.0,150.0,69,4,WA 98126
450385.714286,3.0,2.0,1300.0,3731.0,1.0,0.0,3.0,400.0,21,21,WA 98118
308830.769231,2.0,1.0,810.0,4800.0,1.0,0.0,3.0,0.0,95,13,WA 98118
287919.782609,2.0,1.0,1090.0,5000.0,1.0,0.0,4.0,360.0,72,32,WA 98126
247875.0,2.0,1.0,1000.0,4776.0,1.0,0.0,4.0,0.0,72,32,WA 98108
173666.666667,4.0,1.0,1290.0,5000.0,1.5,0.0,3.0,0.0,57,14,WA 98146
790000.0,4.0,2.5,2310.0,5100.0,2.0,0.0,3.0,0.0,1,91,WA 98177
678333.333333,3.0,2.5,1840.0,3035.0,1.0,0.0,3.0,920.0,88,11,WA 98105
535000.0,4.0,2.25,2290.0,5350.0,2.0,0.0,4.0,170.0,56,42,WA 98199
596165.428571,4.0,2.0,2580.0,6000.0,1.0,0.0,5.0,1280.0,64,64,WA 98199
148612.5,3.0,1.0,1040.0,6860.0,2.0,0.0,3.0,0.0,72,15,WA 98146
535000.0,4.0,2.25,2980.0,8051.0,1.5,2.0,4.0,960.0,79,79,WA 98199
440825.0,3.0,1.75,1980.0,6250.0,1.0,1.0,5.0,890.0,104,104,WA 98136
423050.925926,2.0,1.0,890.0,4590.0,1.0,0.0,3.0,0.0,91,16,WA 98117
458663.888889,2.0,1.0,1470.0,7137.0,1.0,0.0,3.0,450.0,73,20,WA 98103
135333.333333,4.0,1.0,1200.0,7200.0,1.5,0.0,3.0,0.0,70,70,WA 98178
790000.0,4.0,3.25,2420.0,4000.0,1.5,0.0,5.0,550.0,103,30,WA 98105
435500.0,3.0,3.5,1240.0,1666.0,2.0,0.0,3.0,240.0,6,6,WA 98136
738190.857143,3.0,2.5,2300.0,3060.0,1.5,0.0,3.0,790.0,84,12,WA 98115
300000.0,3.0,2.0,2020.0,8555.0,1.0,0.0,4.0,800.0,57,13,WA 98125
1036200.0,4.0,3.25,2500.0,5801.0,1.5,0.0,3.0,540.0,88,11,WA 98112
163785.714286,2.0,1.0,760.0,5500.0,1.5,0.0,3.0,0.0,67,2,WA 98168
351250.0,4.0,1.75,1580.0,5340.0,1.0,0.0,3.0,450.0,67,2,WA 98144
233166.666667,3.0,2.0,1570.0,7000.0,2.0,2.0,4.0,520.0,43,43,WA 98122
331366.666667,3.0,2.5,1270.0,2509.0,2.0,0.0,3.0,0.0,10,11,WA 98106
337945.75,2.0,1.0,940.0,9839.0,1.0,0.0,3.0,0.0,104,8,WA 98136
323833.333333,4.0,1.0,1940.0,5753.0,1.5,0.0,3.0,0.0,67,2,WA 98177
309000.0,3.0,2.5,1800.0,2700.0,2.0,0.0,3.0,0.0,3,3,WA 98126
994500.0,4.0,2.25,2870.0,6280.0,1.5,0.0,4.0,890.0,109,109,WA 98112
379509.166667,2.0,1.0,880.0,6413.0,1.0,0.0,3.0,0.0,64,9,WA 98116
362750.0,2.0,1.75,1240.0,3000.0,1.5,0.0,3.0,0.0,108,0,WA 98105
198995.0,3.0,1.0,1410.0,8053.0,1.0,0.0,4.0,0.0,63,15,WA 98177
190368.75,2.0,1.0,1120.0,5650.0,1.0,0.0,3.0,0.0,70,70,WA 98178
360500.0,3.0,2.5,1150.0,887.0,3.0,0.0,3.0,0.0,7,7,WA 98133
258125.0,2.0,1.0,930.0,7740.0,1.0,0.0,3.0,0.0,90,3,WA 98125
167500.0,1.0,1.0,690.0,1950.0,1.0,0.0,3.0,0.0,86,60,WA 98117
471500.0,4.0,3.0,2370.0,3672.0,1.5,0.0,5.0,720.0,98,98,WA 98115
464600.0,2.0,1.0,840.0,3400.0,1.0,2.0,4.0,0.0,90,90,WA 98119
433111.111111,3.0,2.25,1370.0,1524.0,3.0,0.0,3.0,0.0,9,9,WA 98103
558653.846154,3.0,2.5,1530.0,3210.0,1.5,0.0,5.0,520.0,86,44,WA 98117
318000.0,2.0,1.75,1530.0,3503.0,1.0,1.0,4.0,700.0,98,98,WA 98119
550607.142857,4.0,2.0,1660.0,4800.0,1.5,0.0,3.0,0.0,92,6,WA 98103
584000.0,3.0,1.75,1490.0,1036.0,2.0,0.0,3.0,400.0,6,6,WA 98199
245000.0,3.0,3.0,2470.0,7410.0,2.0,0.0,5.0,610.0,37,37,WA 98117
287919.782609,2.0,1.0,870.0,4600.0,1.0,0.0,4.0,0.0,72,32,WA 98126
454790.0,2.0,1.75,1990.0,4000.0,1.0,0.0,5.0,900.0,62,16,WA 98103
473200.0,3.0,1.5,1740.0,4200.0,1.5,0.0,4.0,100.0,94,94,WA 98117
406062.5,2.0,1.0,1290.0,4650.0,1.0,0.0,4.0,0.0,108,24,WA 98115
486895.0,3.0,1.0,1890.0,3330.0,1.5,0.0,4.0,500.0,113,113,WA 98103
396166.666667,3.0,1.75,1880.0,5752.0,1.0,0.0,4.0,940.0,69,69,WA 98126
308166.666667,3.0,1.75,1510.0,6360.0,1.0,0.0,4.0,0.0,60,35,WA 98133
203400.0,4.0,2.0,2090.0,6630.0,1.0,0.0,3.0,1020.0,40,40,WA 98178
